#
# There is insufficient memory for the Java Runtime Environment to continue.
# Native memory allocation (malloc) failed to allocate 32744 bytes. Error detail: Chunk::new
# Possible reasons:
#   The system is out of physical RAM or swap space
#   This process is running with CompressedOops enabled, and the Java Heap may be blocking the growth of the native heap
# Possible solutions:
#   Reduce memory load on the system
#   Increase physical memory or swap space
#   Check if swap backing store is full
#   Decrease Java heap size (-Xmx/-Xms)
#   Decrease number of Java threads
#   Decrease Java thread stack sizes (-Xss)
#   Set larger code cache with -XX:ReservedCodeCacheSize=
#   JVM is running with Unscaled Compressed Oops mode in which the Java heap is
#     placed in the first 4GB address space. The Java Heap base address is the
#     maximum limit for the native heap growth. Please use -XX:HeapBaseMinAddress
#     to set the Java Heap base and to place the Java Heap above 4GB virtual address.
# This output file may be truncated or incomplete.
#
#  Out of Memory Error (arena.cpp:168), pid=16084, tid=6880
#
# JRE version: OpenJDK Runtime Environment (21.0.5) (build 21.0.5+-13047016-b750.29)
# Java VM: OpenJDK 64-Bit Server VM (21.0.5+-13047016-b750.29, mixed mode, tiered, compressed oops, compressed class ptrs, g1 gc, windows-amd64)
# No core dump will be written. Minidumps are not enabled by default on client versions of Windows
#

---------------  S U M M A R Y ------------

Command Line: --add-opens=java.base/java.lang=ALL-UNNAMED --add-opens=java.base/java.lang.invoke=ALL-UNNAMED --add-opens=java.base/java.util=ALL-UNNAMED --add-opens=java.prefs/java.util.prefs=ALL-UNNAMED --add-exports=jdk.compiler/com.sun.tools.javac.api=ALL-UNNAMED --add-exports=jdk.compiler/com.sun.tools.javac.util=ALL-UNNAMED --add-opens=java.base/java.util=ALL-UNNAMED --add-opens=java.prefs/java.util.prefs=ALL-UNNAMED --add-opens=java.base/java.nio.charset=ALL-UNNAMED --add-opens=java.base/java.net=ALL-UNNAMED --add-opens=java.base/java.util.concurrent.atomic=ALL-UNNAMED --add-opens=java.xml/javax.xml.namespace=ALL-UNNAMED -Xmx2048m -Dfile.encoding=UTF-8 -Duser.country=US -Duser.language=en -Duser.variant -javaagent:C:\Users\hashi\.gradle\wrapper\dists\gradle-8.11.1-bin\bpt9gzteqjrbo1mjrsomdt32c\gradle-8.11.1\lib\agents\gradle-instrumentation-agent-8.11.1.jar org.gradle.launcher.daemon.bootstrap.GradleDaemon 8.11.1

Host: AMD Ryzen 5 2600 Six-Core Processor            , 12 cores, 15G,  Windows 11 , 64 bit Build 26100 (10.0.26100.7920)
Time: Sun Apr  5 11:10:51 2026 Pakistan Standard Time elapsed time: 64.554240 seconds (0d 0h 1m 4s)

---------------  T H R E A D  ---------------

Current thread (0x000001cdc3f16f00):  JavaThread "C2 CompilerThread0" daemon [_thread_in_native, id=6880, stack(0x00000054cce00000,0x00000054ccf00000) (1024K)]


Current CompileTask:
C2:64554 15200   !   4       java.util.concurrent.locks.AbstractQueuedSynchronizer::acquire (424 bytes)

Stack: [0x00000054cce00000,0x00000054ccf00000]
Native frames: (J=compiled Java code, j=interpreted, Vv=VM code, C=native code)
V  [jvm.dll+0x6cfb29]
V  [jvm.dll+0x85df93]
V  [jvm.dll+0x8604ee]
V  [jvm.dll+0x860bd3]
V  [jvm.dll+0x27e6b6]
V  [jvm.dll+0xbff6d]
V  [jvm.dll+0xc04a3]
V  [jvm.dll+0x2f2d5a]
V  [jvm.dll+0x5fa0c9]
V  [jvm.dll+0x250d62]
V  [jvm.dll+0x2496ba]
V  [jvm.dll+0x24712e]
V  [jvm.dll+0x1c5ee4]
V  [jvm.dll+0x25697c]
V  [jvm.dll+0x254ec6]
V  [jvm.dll+0x3f0ce6]
V  [jvm.dll+0x806368]
V  [jvm.dll+0x6ce3fd]
C  [ucrtbase.dll+0x37b0]
C  [KERNEL32.DLL+0x2e8d7]
C  [ntdll.dll+0x8c48c]


---------------  P R O C E S S  ---------------

Threads class SMR info:
_java_thread_list=0x000001cdcc5e54e0, length=183, elements={
0x000001cdaa065e00, 0x000001cdc3ee9ef0, 0x000001cdc3eed960, 0x000001cdc3f0c9a0,
0x000001cdc3f0d3f0, 0x000001cdc3f0de40, 0x000001cdc3f0e890, 0x000001cdc3f16f00,
0x000001cdc3f175a0, 0x000001cdc3d790e0, 0x000001cdc4195dc0, 0x000001cdca364b30,
0x000001cdca6b6720, 0x000001cdca85f010, 0x000001cdca507c60, 0x000001cdca4adc40,
0x000001cdca410200, 0x000001cdca45b5c0, 0x000001cdca45f6c0, 0x000001cdca45fd50,
0x000001cdca4603e0, 0x000001cdca460a70, 0x000001cdca461100, 0x000001cdca45e310,
0x000001cdca45dc80, 0x000001cdca45e9a0, 0x000001cdca45f030, 0x000001cdcbe2a1c0,
0x000001cdcbe2b570, 0x000001cdcbe280f0, 0x000001cdcbe2a850, 0x000001cdcbe28e10,
0x000001cdcbe294a0, 0x000001cdcbe29b30, 0x000001cdcdbdf7f0, 0x000001cdcdbe25e0,
0x000001cdcdbe1f50, 0x000001cdcdbe2c70, 0x000001cdcdbe0ba0, 0x000001cdcdbe1230,
0x000001cdcdbe0510, 0x000001cdcdbe18c0, 0x000001cdcdbdfe80, 0x000001cdcdbe6780,
0x000001cdcdbe3990, 0x000001cdcdbe5a60, 0x000001cdcdbe60f0, 0x000001cdcdbe3300,
0x000001cdcdbe46b0, 0x000001cdcdbe6e10, 0x000001cdcdbe4d40, 0x000001cdcdbe53d0,
0x000001cdcca892c0, 0x000001cdcca89fe0, 0x000001cdcca8b390, 0x000001cdcca8ba20,
0x000001cdcca8a670, 0x000001cdcca89950, 0x000001cdcca8ad00, 0x000001cdcca8c0b0,
0x000001cdcca88c30, 0x000001cdcca8e810, 0x000001cdcca8cdd0, 0x000001cdcca8fbc0,
0x000001cdcca8e180, 0x000001cdcd0653b0, 0x000001cdcd065a40, 0x000001cdcd064d20,
0x000001cdce90e8e0, 0x000001cdce911d60, 0x000001cdce9123f0, 0x000001cdce90ef70,
0x000001cdce912a80, 0x000001cdce90f600, 0x000001cdce913110, 0x000001cdce90fc90,
0x000001cdce9144c0, 0x000001cdce914b50, 0x000001cdce9137a0, 0x000001cdce915870,
0x000001cdce9151e0, 0x000001cdce913e30, 0x000001cdcd069550, 0x000001cdcd067b10,
0x000001cdcd0681a0, 0x000001cdcd068ec0, 0x000001cdcd069be0, 0x000001cdd54e96e0,
0x000001cdd54eaa90, 0x000001cdd54ea400, 0x000001cdd54ebe40, 0x000001cdd54ec4d0,
0x000001cdd54e9050, 0x000001cdd54eb120, 0x000001cdd54ecb60, 0x000001cdd54ed1f0,
0x000001cdd54eb7b0, 0x000001cdd54e9d70, 0x000001cdd54ef950, 0x000001cdd54ef2c0,
0x000001cdd54ee5a0, 0x000001cdd54edf10, 0x000001cdd54effe0, 0x000001cdcbe23b80,
0x000001cdcbe20700, 0x000001cdcbe21420, 0x000001cdcbe21ab0, 0x000001cdcbe20d90,
0x000001cdcbe234f0, 0x000001cdcbe24f30, 0x000001cdcbe24210, 0x000001cdcbe248a0,
0x000001cdcbe22140, 0x000001cdcbe26970, 0x000001cdcbe27690, 0x000001cdcbe255c0,
0x000001cdcbe25c50, 0x000001cdcbe262e0, 0x000001cdcbe27000, 0x000001cdce808a60,
0x000001cdce809780, 0x000001cdce80b1c0, 0x000001cdce809e10, 0x000001cdce8083d0,
0x000001cdce8090f0, 0x000001cdce80ab30, 0x000001cdce80a4a0, 0x000001cdce807d40,
0x000001cdce80d290, 0x000001cdce80cc00, 0x000001cdce80d920, 0x000001cdce80ecd0,
0x000001cdce80e640, 0x000001cdce80b850, 0x000001cdce80c570, 0x000001cdce80f360,
0x000001cdce80bee0, 0x000001cdd54f0670, 0x000001cdd54eec30, 0x000001cdd54ed880,
0x000001cdce9109b0, 0x000001cdcbd8d0a0, 0x000001cdcbd8ca10, 0x000001cdcbd8ddc0,
0x000001cdcbd8e450, 0x000001cdcbd8eae0, 0x000001cdcbd8f170, 0x000001cdcbd8d730,
0x000001cdcbd925f0, 0x000001cdcbd90520, 0x000001cdcbd91f60, 0x000001cdcbd92c80,
0x000001cdcbd8f800, 0x000001cdcbd91240, 0x000001cdcbd93310, 0x000001cdcbd90bb0,
0x000001cdcbd918d0, 0x000001cdcbd8fe90, 0x000001cdcbd939a0, 0x000001cdcbd94030,
0x000001cdd54737e0, 0x000001cdd5473150, 0x000001cdd5471080, 0x000001cdd5471710,
0x000001cdd5473e70, 0x000001cdd5471da0, 0x000001cdd5475220, 0x000001cdd54758b0,
0x000001cdd5472430, 0x000001cdd5475f40, 0x000001cdd5472ac0, 0x000001cdd5477980,
0x000001cdd54772f0, 0x000001cdd54765d0, 0x000001cdd5474500, 0x000001cdd5478010,
0x000001cdd5474b90, 0x000001cdd5476c60, 0x000001cdd5478d30, 0x000001cdd5479a50,
0x000001cdcb4e5b80, 0x000001cdcb4e6210, 0x000001cdcb4e6f30
}

Java Threads: ( => current thread )
  0x000001cdaa065e00 JavaThread "main"                              [_thread_blocked, id=2744, stack(0x00000054cc000000,0x00000054cc100000) (1024K)]
  0x000001cdc3ee9ef0 JavaThread "Reference Handler"          daemon [_thread_blocked, id=10248, stack(0x00000054cc800000,0x00000054cc900000) (1024K)]
  0x000001cdc3eed960 JavaThread "Finalizer"                  daemon [_thread_blocked, id=15580, stack(0x00000054cc900000,0x00000054cca00000) (1024K)]
  0x000001cdc3f0c9a0 JavaThread "Signal Dispatcher"          daemon [_thread_blocked, id=1188, stack(0x00000054cca00000,0x00000054ccb00000) (1024K)]
  0x000001cdc3f0d3f0 JavaThread "Attach Listener"            daemon [_thread_blocked, id=4952, stack(0x00000054ccb00000,0x00000054ccc00000) (1024K)]
  0x000001cdc3f0de40 JavaThread "Service Thread"             daemon [_thread_blocked, id=1192, stack(0x00000054ccc00000,0x00000054ccd00000) (1024K)]
  0x000001cdc3f0e890 JavaThread "Monitor Deflation Thread"   daemon [_thread_blocked, id=18720, stack(0x00000054ccd00000,0x00000054cce00000) (1024K)]
=>0x000001cdc3f16f00 JavaThread "C2 CompilerThread0"         daemon [_thread_in_native, id=6880, stack(0x00000054cce00000,0x00000054ccf00000) (1024K)]
  0x000001cdc3f175a0 JavaThread "C1 CompilerThread0"         daemon [_thread_blocked, id=3812, stack(0x00000054ccf00000,0x00000054cd000000) (1024K)]
  0x000001cdc3d790e0 JavaThread "Common-Cleaner"             daemon [_thread_blocked, id=19988, stack(0x00000054cd000000,0x00000054cd100000) (1024K)]
  0x000001cdc4195dc0 JavaThread "Notification Thread"        daemon [_thread_blocked, id=8112, stack(0x00000054cd100000,0x00000054cd200000) (1024K)]
  0x000001cdca364b30 JavaThread "Daemon health stats"               [_thread_blocked, id=13284, stack(0x00000054cd900000,0x00000054cda00000) (1024K)]
  0x000001cdca6b6720 JavaThread "Incoming local TCP Connector on port 49418"        [_thread_in_native, id=648, stack(0x00000054cda00000,0x00000054cdb00000) (1024K)]
  0x000001cdca85f010 JavaThread "Daemon periodic checks"            [_thread_blocked, id=14188, stack(0x00000054cdb00000,0x00000054cdc00000) (1024K)]
  0x000001cdca507c60 JavaThread "Daemon"                            [_thread_blocked, id=10064, stack(0x00000054cdc00000,0x00000054cdd00000) (1024K)]
  0x000001cdca4adc40 JavaThread "Handler for socket connection from /127.0.0.1:49418 to /127.0.0.1:49419"        [_thread_in_native, id=21380, stack(0x00000054cdd00000,0x00000054cde00000) (1024K)]
  0x000001cdca410200 JavaThread "Cancel handler"                    [_thread_blocked, id=12236, stack(0x00000054cde00000,0x00000054cdf00000) (1024K)]
  0x000001cdca45b5c0 JavaThread "Daemon worker"                     [_thread_blocked, id=18068, stack(0x00000054cdf00000,0x00000054ce000000) (1024K)]
  0x000001cdca45f6c0 JavaThread "Asynchronous log dispatcher for DefaultDaemonConnection: socket connection from /127.0.0.1:49418 to /127.0.0.1:49419"        [_thread_blocked, id=19116, stack(0x00000054ce000000,0x00000054ce100000) (1024K)]
  0x000001cdca45fd50 JavaThread "Stdin handler"                     [_thread_blocked, id=18312, stack(0x00000054ce100000,0x00000054ce200000) (1024K)]
  0x000001cdca4603e0 JavaThread "Daemon client event forwarder"        [_thread_blocked, id=13808, stack(0x00000054ce200000,0x00000054ce300000) (1024K)]
  0x000001cdca460a70 JavaThread "Cache worker for journal cache (C:\Users\hashi\.gradle\caches\journal-1)"        [_thread_blocked, id=14176, stack(0x00000054ce800000,0x00000054ce900000) (1024K)]
  0x000001cdca461100 JavaThread "File lock request listener"        [_thread_in_native, id=2088, stack(0x00000054ce900000,0x00000054cea00000) (1024K)]
  0x000001cdca45e310 JavaThread "Cache worker for file hash cache (C:\Users\hashi\.gradle\caches\8.11.1\fileHashes)"        [_thread_blocked, id=17292, stack(0x00000054cea00000,0x00000054ceb00000) (1024K)]
  0x000001cdca45dc80 JavaThread "Cache worker for file content cache (C:\Users\hashi\.gradle\caches\8.11.1\fileContent)"        [_thread_blocked, id=2912, stack(0x00000054ceb00000,0x00000054cec00000) (1024K)]
  0x000001cdca45e9a0 JavaThread "Cache worker for file hash cache (D:\QuickApply\.gradle\8.11.1\fileHashes)"        [_thread_blocked, id=5016, stack(0x00000054ced00000,0x00000054cee00000) (1024K)]
  0x000001cdca45f030 JavaThread "Cache worker for Build Output Cleanup Cache (D:\QuickApply\.gradle\buildOutputCleanup)"        [_thread_blocked, id=7184, stack(0x00000054cee00000,0x00000054cef00000) (1024K)]
  0x000001cdcbe2a1c0 JavaThread "File watcher server"        daemon [_thread_in_native, id=18524, stack(0x00000054cef00000,0x00000054cf000000) (1024K)]
  0x000001cdcbe2b570 JavaThread "File watcher consumer"      daemon [_thread_blocked, id=12224, stack(0x00000054cf000000,0x00000054cf100000) (1024K)]
  0x000001cdcbe280f0 JavaThread "Cache worker for checksums cache (D:\QuickApply\.gradle\8.11.1\checksums)"        [_thread_blocked, id=2328, stack(0x00000054cf100000,0x00000054cf200000) (1024K)]
  0x000001cdcbe2a850 JavaThread "Cache worker for cache directory md-rule (C:\Users\hashi\.gradle\caches\8.11.1\md-rule)"        [_thread_blocked, id=6556, stack(0x00000054cf200000,0x00000054cf300000) (1024K)]
  0x000001cdcbe28e10 JavaThread "Cache worker for cache directory md-supplier (C:\Users\hashi\.gradle\caches\8.11.1\md-supplier)"        [_thread_blocked, id=20404, stack(0x00000054cf300000,0x00000054cf400000) (1024K)]
  0x000001cdcbe294a0 JavaThread "Unconstrained build operations"        [_thread_blocked, id=17720, stack(0x00000054cd200000,0x00000054cd300000) (1024K)]
  0x000001cdcbe29b30 JavaThread "Unconstrained build operations Thread 2"        [_thread_blocked, id=3604, stack(0x00000054cec00000,0x00000054ced00000) (1024K)]
  0x000001cdcdbdf7f0 JavaThread "Unconstrained build operations Thread 3"        [_thread_blocked, id=8728, stack(0x00000054cf500000,0x00000054cf600000) (1024K)]
  0x000001cdcdbe25e0 JavaThread "Unconstrained build operations Thread 4"        [_thread_blocked, id=11884, stack(0x00000054cf600000,0x00000054cf700000) (1024K)]
  0x000001cdcdbe1f50 JavaThread "Unconstrained build operations Thread 5"        [_thread_blocked, id=4236, stack(0x00000054cf700000,0x00000054cf800000) (1024K)]
  0x000001cdcdbe2c70 JavaThread "Unconstrained build operations Thread 6"        [_thread_blocked, id=20052, stack(0x00000054cf800000,0x00000054cf900000) (1024K)]
  0x000001cdcdbe0ba0 JavaThread "Unconstrained build operations Thread 7"        [_thread_blocked, id=18340, stack(0x00000054cf900000,0x00000054cfa00000) (1024K)]
  0x000001cdcdbe1230 JavaThread "Unconstrained build operations Thread 8"        [_thread_blocked, id=2824, stack(0x00000054cfa00000,0x00000054cfb00000) (1024K)]
  0x000001cdcdbe0510 JavaThread "Unconstrained build operations Thread 9"        [_thread_blocked, id=10244, stack(0x00000054cfb00000,0x00000054cfc00000) (1024K)]
  0x000001cdcdbe18c0 JavaThread "Unconstrained build operations Thread 10"        [_thread_blocked, id=11156, stack(0x00000054cfc00000,0x00000054cfd00000) (1024K)]
  0x000001cdcdbdfe80 JavaThread "Unconstrained build operations Thread 11"        [_thread_blocked, id=7640, stack(0x00000054cfd00000,0x00000054cfe00000) (1024K)]
  0x000001cdcdbe6780 JavaThread "Unconstrained build operations Thread 12"        [_thread_blocked, id=16304, stack(0x00000054cff00000,0x00000054d0000000) (1024K)]
  0x000001cdcdbe3990 JavaThread "Unconstrained build operations Thread 13"        [_thread_blocked, id=5560, stack(0x00000054d0000000,0x00000054d0100000) (1024K)]
  0x000001cdcdbe5a60 JavaThread "Unconstrained build operations Thread 14"        [_thread_blocked, id=15688, stack(0x00000054d0100000,0x00000054d0200000) (1024K)]
  0x000001cdcdbe60f0 JavaThread "Unconstrained build operations Thread 15"        [_thread_blocked, id=18628, stack(0x00000054d0200000,0x00000054d0300000) (1024K)]
  0x000001cdcdbe3300 JavaThread "Unconstrained build operations Thread 16"        [_thread_blocked, id=3168, stack(0x00000054d0300000,0x00000054d0400000) (1024K)]
  0x000001cdcdbe46b0 JavaThread "Unconstrained build operations Thread 17"        [_thread_blocked, id=17456, stack(0x00000054d0400000,0x00000054d0500000) (1024K)]
  0x000001cdcdbe6e10 JavaThread "Unconstrained build operations Thread 18"        [_thread_blocked, id=17464, stack(0x00000054d0500000,0x00000054d0600000) (1024K)]
  0x000001cdcdbe4d40 JavaThread "Unconstrained build operations Thread 19"        [_thread_blocked, id=18624, stack(0x00000054d0600000,0x00000054d0700000) (1024K)]
  0x000001cdcdbe53d0 JavaThread "Unconstrained build operations Thread 20"        [_thread_blocked, id=11840, stack(0x00000054d0700000,0x00000054d0800000) (1024K)]
  0x000001cdcca892c0 JavaThread "Unconstrained build operations Thread 21"        [_thread_blocked, id=10512, stack(0x00000054d0800000,0x00000054d0900000) (1024K)]
  0x000001cdcca89fe0 JavaThread "Unconstrained build operations Thread 22"        [_thread_blocked, id=18016, stack(0x00000054d0900000,0x00000054d0a00000) (1024K)]
  0x000001cdcca8b390 JavaThread "Unconstrained build operations Thread 23"        [_thread_blocked, id=19356, stack(0x00000054d0a00000,0x00000054d0b00000) (1024K)]
  0x000001cdcca8ba20 JavaThread "Unconstrained build operations Thread 24"        [_thread_blocked, id=11208, stack(0x00000054d0b00000,0x00000054d0c00000) (1024K)]
  0x000001cdcca8a670 JavaThread "Unconstrained build operations Thread 25"        [_thread_blocked, id=12300, stack(0x00000054d0c00000,0x00000054d0d00000) (1024K)]
  0x000001cdcca89950 JavaThread "Unconstrained build operations Thread 26"        [_thread_blocked, id=13836, stack(0x00000054d0d00000,0x00000054d0e00000) (1024K)]
  0x000001cdcca8ad00 JavaThread "Unconstrained build operations Thread 27"        [_thread_blocked, id=5072, stack(0x00000054d0e00000,0x00000054d0f00000) (1024K)]
  0x000001cdcca8c0b0 JavaThread "Unconstrained build operations Thread 28"        [_thread_blocked, id=8892, stack(0x00000054d0f00000,0x00000054d1000000) (1024K)]
  0x000001cdcca88c30 JavaThread "Unconstrained build operations Thread 29"        [_thread_blocked, id=12320, stack(0x00000054d1000000,0x00000054d1100000) (1024K)]
  0x000001cdcca8e810 JavaThread "Unconstrained build operations Thread 30"        [_thread_blocked, id=3200, stack(0x00000054d1100000,0x00000054d1200000) (1024K)]
  0x000001cdcca8cdd0 JavaThread "Unconstrained build operations Thread 31"        [_thread_blocked, id=5856, stack(0x00000054d1200000,0x00000054d1300000) (1024K)]
  0x000001cdcca8fbc0 JavaThread "Unconstrained build operations Thread 32"        [_thread_blocked, id=16016, stack(0x00000054d1300000,0x00000054d1400000) (1024K)]
  0x000001cdcca8e180 JavaThread "Unconstrained build operations Thread 33"        [_thread_blocked, id=21148, stack(0x00000054d1400000,0x00000054d1500000) (1024K)]
  0x000001cdcd0653b0 JavaThread "build event listener"              [_thread_blocked, id=7460, stack(0x00000054cfe00000,0x00000054cff00000) (1024K)]
  0x000001cdcd065a40 JavaThread "Memory manager"                    [_thread_blocked, id=11004, stack(0x00000054d1500000,0x00000054d1600000) (1024K)]
  0x000001cdcd064d20 JavaThread "build event listener"              [_thread_blocked, id=17600, stack(0x00000054d1700000,0x00000054d1800000) (1024K)]
  0x000001cdce90e8e0 JavaThread "included builds"                   [_thread_blocked, id=18700, stack(0x00000054d1900000,0x00000054d1a00000) (1024K)]
  0x000001cdce911d60 JavaThread "Execution worker"                  [_thread_blocked, id=10804, stack(0x00000054d1a00000,0x00000054d1b00000) (1024K)]
  0x000001cdce9123f0 JavaThread "Execution worker Thread 2"         [_thread_blocked, id=19216, stack(0x00000054d1b00000,0x00000054d1c00000) (1024K)]
  0x000001cdce90ef70 JavaThread "Execution worker Thread 3"         [_thread_blocked, id=13956, stack(0x00000054d1c00000,0x00000054d1d00000) (1024K)]
  0x000001cdce912a80 JavaThread "Execution worker Thread 4"         [_thread_blocked, id=14180, stack(0x00000054d1d00000,0x00000054d1e00000) (1024K)]
  0x000001cdce90f600 JavaThread "Execution worker Thread 5"         [_thread_blocked, id=19676, stack(0x00000054d1e00000,0x00000054d1f00000) (1024K)]
  0x000001cdce913110 JavaThread "Execution worker Thread 6"         [_thread_blocked, id=1792, stack(0x00000054d1f00000,0x00000054d2000000) (1024K)]
  0x000001cdce90fc90 JavaThread "Execution worker Thread 7"         [_thread_blocked, id=4212, stack(0x00000054d2000000,0x00000054d2100000) (1024K)]
  0x000001cdce9144c0 JavaThread "Execution worker Thread 8"         [_thread_blocked, id=18804, stack(0x00000054d2100000,0x00000054d2200000) (1024K)]
  0x000001cdce914b50 JavaThread "Execution worker Thread 9"         [_thread_blocked, id=5576, stack(0x00000054d2200000,0x00000054d2300000) (1024K)]
  0x000001cdce9137a0 JavaThread "Execution worker Thread 10"        [_thread_blocked, id=9464, stack(0x00000054d2300000,0x00000054d2400000) (1024K)]
  0x000001cdce915870 JavaThread "Execution worker Thread 11"        [_thread_blocked, id=2388, stack(0x00000054d2400000,0x00000054d2500000) (1024K)]
  0x000001cdce9151e0 JavaThread "Cache worker for execution history cache (D:\QuickApply\.gradle\8.11.1\executionHistory)"        [_thread_blocked, id=5600, stack(0x00000054d2500000,0x00000054d2600000) (1024K)]
  0x000001cdce913e30 JavaThread "Unconstrained build operations Thread 34"        [_thread_blocked, id=3152, stack(0x00000054d1800000,0x00000054d1900000) (1024K)]
  0x000001cdcd069550 JavaThread "Unconstrained build operations Thread 35"        [_thread_blocked, id=17156, stack(0x00000054d2600000,0x00000054d2700000) (1024K)]
  0x000001cdcd067b10 JavaThread "Unconstrained build operations Thread 36"        [_thread_blocked, id=17376, stack(0x00000054d2700000,0x00000054d2800000) (1024K)]
  0x000001cdcd0681a0 JavaThread "Unconstrained build operations Thread 37"        [_thread_blocked, id=1796, stack(0x00000054d2800000,0x00000054d2900000) (1024K)]
  0x000001cdcd068ec0 JavaThread "Unconstrained build operations Thread 38"        [_thread_blocked, id=11924, stack(0x00000054d2900000,0x00000054d2a00000) (1024K)]
  0x000001cdcd069be0 JavaThread "Unconstrained build operations Thread 39"        [_thread_blocked, id=3368, stack(0x00000054d2a00000,0x00000054d2b00000) (1024K)]
  0x000001cdd54e96e0 JavaThread "Unconstrained build operations Thread 40"        [_thread_blocked, id=8356, stack(0x00000054d2b00000,0x00000054d2c00000) (1024K)]
  0x000001cdd54eaa90 JavaThread "Unconstrained build operations Thread 41"        [_thread_blocked, id=2232, stack(0x00000054d2c00000,0x00000054d2d00000) (1024K)]
  0x000001cdd54ea400 JavaThread "Unconstrained build operations Thread 42"        [_thread_blocked, id=10388, stack(0x00000054d2d00000,0x00000054d2e00000) (1024K)]
  0x000001cdd54ebe40 JavaThread "Unconstrained build operations Thread 43"        [_thread_blocked, id=19612, stack(0x00000054d2e00000,0x00000054d2f00000) (1024K)]
  0x000001cdd54ec4d0 JavaThread "Unconstrained build operations Thread 44"        [_thread_blocked, id=12056, stack(0x00000054d2f00000,0x00000054d3000000) (1024K)]
  0x000001cdd54e9050 JavaThread "Unconstrained build operations Thread 45"        [_thread_blocked, id=4792, stack(0x00000054d1600000,0x00000054d1700000) (1024K)]
  0x000001cdd54eb120 JavaThread "Unconstrained build operations Thread 46"        [_thread_blocked, id=17452, stack(0x00000054d3000000,0x00000054d3100000) (1024K)]
  0x000001cdd54ecb60 JavaThread "Unconstrained build operations Thread 47"        [_thread_blocked, id=3000, stack(0x00000054d3100000,0x00000054d3200000) (1024K)]
  0x000001cdd54ed1f0 JavaThread "Unconstrained build operations Thread 48"        [_thread_blocked, id=7688, stack(0x00000054d3200000,0x00000054d3300000) (1024K)]
  0x000001cdd54eb7b0 JavaThread "Unconstrained build operations Thread 49"        [_thread_blocked, id=20672, stack(0x00000054d3300000,0x00000054d3400000) (1024K)]
  0x000001cdd54e9d70 JavaThread "Unconstrained build operations Thread 50"        [_thread_blocked, id=19000, stack(0x00000054d3400000,0x00000054d3500000) (1024K)]
  0x000001cdd54ef950 JavaThread "Unconstrained build operations Thread 51"        [_thread_blocked, id=13468, stack(0x00000054d3500000,0x00000054d3600000) (1024K)]
  0x000001cdd54ef2c0 JavaThread "Unconstrained build operations Thread 52"        [_thread_blocked, id=4712, stack(0x00000054d3600000,0x00000054d3700000) (1024K)]
  0x000001cdd54ee5a0 JavaThread "Unconstrained build operations Thread 53"        [_thread_blocked, id=19548, stack(0x00000054d3700000,0x00000054d3800000) (1024K)]
  0x000001cdd54edf10 JavaThread "Unconstrained build operations Thread 54"        [_thread_blocked, id=16000, stack(0x00000054d3800000,0x00000054d3900000) (1024K)]
  0x000001cdd54effe0 JavaThread "Unconstrained build operations Thread 55"        [_thread_blocked, id=7708, stack(0x00000054d3900000,0x00000054d3a00000) (1024K)]
  0x000001cdcbe23b80 JavaThread "WorkerExecutor Queue"              [_thread_blocked, id=20836, stack(0x00000054d3c00000,0x00000054d3d00000) (1024K)]
  0x000001cdcbe20700 JavaThread "WorkerExecutor Queue Thread 2"        [_thread_blocked, id=14320, stack(0x00000054d3d00000,0x00000054d3e00000) (1024K)]
  0x000001cdcbe21420 JavaThread "WorkerExecutor Queue Thread 3"        [_thread_blocked, id=18736, stack(0x00000054d3e00000,0x00000054d3f00000) (1024K)]
  0x000001cdcbe21ab0 JavaThread "WorkerExecutor Queue Thread 4"        [_thread_blocked, id=19652, stack(0x00000054d3f00000,0x00000054d4000000) (1024K)]
  0x000001cdcbe20d90 JavaThread "WorkerExecutor Queue Thread 5"        [_thread_blocked, id=21252, stack(0x00000054d4000000,0x00000054d4100000) (1024K)]
  0x000001cdcbe234f0 JavaThread "WorkerExecutor Queue Thread 6"        [_thread_blocked, id=2692, stack(0x00000054d4100000,0x00000054d4200000) (1024K)]
  0x000001cdcbe24f30 JavaThread "WorkerExecutor Queue Thread 7"        [_thread_blocked, id=15668, stack(0x00000054d4200000,0x00000054d4300000) (1024K)]
  0x000001cdcbe24210 JavaThread "WorkerExecutor Queue Thread 8"        [_thread_blocked, id=17296, stack(0x00000054d4300000,0x00000054d4400000) (1024K)]
  0x000001cdcbe248a0 JavaThread "WorkerExecutor Queue Thread 9"        [_thread_blocked, id=5708, stack(0x00000054d4400000,0x00000054d4500000) (1024K)]
  0x000001cdcbe22140 JavaThread "WorkerExecutor Queue Thread 10"        [_thread_blocked, id=9364, stack(0x00000054d4500000,0x00000054d4600000) (1024K)]
  0x000001cdcbe26970 JavaThread "WorkerExecutor Queue Thread 11"        [_thread_blocked, id=7924, stack(0x00000054d4600000,0x00000054d4700000) (1024K)]
  0x000001cdcbe27690 JavaThread "WorkerExecutor Queue Thread 12"        [_thread_blocked, id=11872, stack(0x00000054d4700000,0x00000054d4800000) (1024K)]
  0x000001cdcbe255c0 JavaThread "Unconstrained build operations Thread 56"        [_thread_blocked, id=9748, stack(0x00000054d3b00000,0x00000054d3c00000) (1024K)]
  0x000001cdcbe25c50 JavaThread "Unconstrained build operations Thread 57"        [_thread_blocked, id=17728, stack(0x00000054d4800000,0x00000054d4900000) (1024K)]
  0x000001cdcbe262e0 JavaThread "Unconstrained build operations Thread 58"        [_thread_blocked, id=17500, stack(0x00000054d4900000,0x00000054d4a00000) (1024K)]
  0x000001cdcbe27000 JavaThread "Unconstrained build operations Thread 59"        [_thread_blocked, id=21104, stack(0x00000054d4a00000,0x00000054d4b00000) (1024K)]
  0x000001cdce808a60 JavaThread "Unconstrained build operations Thread 60"        [_thread_blocked, id=5556, stack(0x00000054d4b00000,0x00000054d4c00000) (1024K)]
  0x000001cdce809780 JavaThread "Unconstrained build operations Thread 61"        [_thread_blocked, id=2448, stack(0x00000054d4c00000,0x00000054d4d00000) (1024K)]
  0x000001cdce80b1c0 JavaThread "Unconstrained build operations Thread 62"        [_thread_blocked, id=4216, stack(0x00000054d4d00000,0x00000054d4e00000) (1024K)]
  0x000001cdce809e10 JavaThread "Unconstrained build operations Thread 63"        [_thread_blocked, id=20180, stack(0x00000054d4e00000,0x00000054d4f00000) (1024K)]
  0x000001cdce8083d0 JavaThread "Unconstrained build operations Thread 64"        [_thread_blocked, id=1308, stack(0x00000054d4f00000,0x00000054d5000000) (1024K)]
  0x000001cdce8090f0 JavaThread "Unconstrained build operations Thread 65"        [_thread_blocked, id=1860, stack(0x00000054d5000000,0x00000054d5100000) (1024K)]
  0x000001cdce80ab30 JavaThread "Unconstrained build operations Thread 66"        [_thread_blocked, id=4516, stack(0x00000054d5100000,0x00000054d5200000) (1024K)]
  0x000001cdce80a4a0 JavaThread "Unconstrained build operations Thread 67"        [_thread_blocked, id=9092, stack(0x00000054d5200000,0x00000054d5300000) (1024K)]
  0x000001cdce807d40 JavaThread "Unconstrained build operations Thread 68"        [_thread_blocked, id=13112, stack(0x00000054d5300000,0x00000054d5400000) (1024K)]
  0x000001cdce80d290 JavaThread "Unconstrained build operations Thread 69"        [_thread_blocked, id=404, stack(0x00000054d5400000,0x00000054d5500000) (1024K)]
  0x000001cdce80cc00 JavaThread "Unconstrained build operations Thread 70"        [_thread_blocked, id=18772, stack(0x00000054d5500000,0x00000054d5600000) (1024K)]
  0x000001cdce80d920 JavaThread "Unconstrained build operations Thread 71"        [_thread_blocked, id=16004, stack(0x00000054d5600000,0x00000054d5700000) (1024K)]
  0x000001cdce80ecd0 JavaThread "Unconstrained build operations Thread 72"        [_thread_blocked, id=20596, stack(0x00000054d5700000,0x00000054d5800000) (1024K)]
  0x000001cdce80e640 JavaThread "Unconstrained build operations Thread 73"        [_thread_blocked, id=2896, stack(0x00000054d5800000,0x00000054d5900000) (1024K)]
  0x000001cdce80b850 JavaThread "Unconstrained build operations Thread 74"        [_thread_blocked, id=13608, stack(0x00000054d5900000,0x00000054d5a00000) (1024K)]
  0x000001cdce80c570 JavaThread "Unconstrained build operations Thread 75"        [_thread_blocked, id=3308, stack(0x00000054d5a00000,0x00000054d5b00000) (1024K)]
  0x000001cdce80f360 JavaThread "Unconstrained build operations Thread 76"        [_thread_blocked, id=8932, stack(0x00000054d5b00000,0x00000054d5c00000) (1024K)]
  0x000001cdce80bee0 JavaThread "Unconstrained build operations Thread 77"        [_thread_blocked, id=12312, stack(0x00000054d5c00000,0x00000054d5d00000) (1024K)]
  0x000001cdd54f0670 JavaThread "Unconstrained build operations Thread 78"        [_thread_blocked, id=2140, stack(0x00000054d5d00000,0x00000054d5e00000) (1024K)]
  0x000001cdd54eec30 JavaThread "Unconstrained build operations Thread 79"        [_thread_blocked, id=9160, stack(0x00000054d5e00000,0x00000054d5f00000) (1024K)]
  0x000001cdd54ed880 JavaThread "Unconstrained build operations Thread 80"        [_thread_blocked, id=6128, stack(0x00000054d5f00000,0x00000054d6000000) (1024K)]
  0x000001cdce9109b0 JavaThread "Unconstrained build operations Thread 81"        [_thread_blocked, id=20140, stack(0x00000054d6000000,0x00000054d6100000) (1024K)]
  0x000001cdcbd8d0a0 JavaThread "Unconstrained build operations Thread 82"        [_thread_blocked, id=20556, stack(0x00000054d6100000,0x00000054d6200000) (1024K)]
  0x000001cdcbd8ca10 JavaThread "Unconstrained build operations Thread 83"        [_thread_blocked, id=16872, stack(0x00000054d6200000,0x00000054d6300000) (1024K)]
  0x000001cdcbd8ddc0 JavaThread "Unconstrained build operations Thread 84"        [_thread_blocked, id=13668, stack(0x00000054d6300000,0x00000054d6400000) (1024K)]
  0x000001cdcbd8e450 JavaThread "Unconstrained build operations Thread 85"        [_thread_blocked, id=12464, stack(0x00000054d6400000,0x00000054d6500000) (1024K)]
  0x000001cdcbd8eae0 JavaThread "Unconstrained build operations Thread 86"        [_thread_blocked, id=10220, stack(0x00000054d6500000,0x00000054d6600000) (1024K)]
  0x000001cdcbd8f170 JavaThread "Unconstrained build operations Thread 87"        [_thread_blocked, id=21432, stack(0x00000054d6600000,0x00000054d6700000) (1024K)]
  0x000001cdcbd8d730 JavaThread "Unconstrained build operations Thread 88"        [_thread_blocked, id=2904, stack(0x00000054d6700000,0x00000054d6800000) (1024K)]
  0x000001cdcbd925f0 JavaThread "Unconstrained build operations Thread 89"        [_thread_blocked, id=13392, stack(0x00000054d6800000,0x00000054d6900000) (1024K)]
  0x000001cdcbd90520 JavaThread "Unconstrained build operations Thread 90"        [_thread_blocked, id=9332, stack(0x00000054d6900000,0x00000054d6a00000) (1024K)]
  0x000001cdcbd91f60 JavaThread "Unconstrained build operations Thread 91"        [_thread_blocked, id=21444, stack(0x00000054d6a00000,0x00000054d6b00000) (1024K)]
  0x000001cdcbd92c80 JavaThread "Unconstrained build operations Thread 92"        [_thread_blocked, id=17468, stack(0x00000054d6b00000,0x00000054d6c00000) (1024K)]
  0x000001cdcbd8f800 JavaThread "Unconstrained build operations Thread 93"        [_thread_blocked, id=10712, stack(0x00000054d3a00000,0x00000054d3b00000) (1024K)]
  0x000001cdcbd91240 JavaThread "Unconstrained build operations Thread 94"        [_thread_blocked, id=6972, stack(0x00000054d6c00000,0x00000054d6d00000) (1024K)]
  0x000001cdcbd93310 JavaThread "Unconstrained build operations Thread 95"        [_thread_blocked, id=16124, stack(0x00000054d6d00000,0x00000054d6e00000) (1024K)]
  0x000001cdcbd90bb0 JavaThread "Unconstrained build operations Thread 96"        [_thread_blocked, id=5748, stack(0x00000054d6e00000,0x00000054d6f00000) (1024K)]
  0x000001cdcbd918d0 JavaThread "Unconstrained build operations Thread 97"        [_thread_blocked, id=19804, stack(0x00000054d6f00000,0x00000054d7000000) (1024K)]
  0x000001cdcbd8fe90 JavaThread "Unconstrained build operations Thread 98"        [_thread_blocked, id=1304, stack(0x00000054d7000000,0x00000054d7100000) (1024K)]
  0x000001cdcbd939a0 JavaThread "Unconstrained build operations Thread 99"        [_thread_blocked, id=16052, stack(0x00000054d7100000,0x00000054d7200000) (1024K)]
  0x000001cdcbd94030 JavaThread "Unconstrained build operations Thread 100"        [_thread_blocked, id=17184, stack(0x00000054d7200000,0x00000054d7300000) (1024K)]
  0x000001cdd54737e0 JavaThread "Unconstrained build operations Thread 101"        [_thread_blocked, id=13868, stack(0x00000054d7300000,0x00000054d7400000) (1024K)]
  0x000001cdd5473150 JavaThread "Unconstrained build operations Thread 102"        [_thread_blocked, id=21468, stack(0x00000054d7400000,0x00000054d7500000) (1024K)]
  0x000001cdd5471080 JavaThread "Unconstrained build operations Thread 103"        [_thread_blocked, id=3784, stack(0x00000054d7500000,0x00000054d7600000) (1024K)]
  0x000001cdd5471710 JavaThread "Unconstrained build operations Thread 104"        [_thread_blocked, id=7512, stack(0x00000054d7700000,0x00000054d7800000) (1024K)]
  0x000001cdd5473e70 JavaThread "Unconstrained build operations Thread 105"        [_thread_blocked, id=20940, stack(0x00000054d7800000,0x00000054d7900000) (1024K)]
  0x000001cdd5471da0 JavaThread "Unconstrained build operations Thread 106"        [_thread_blocked, id=1168, stack(0x00000054d7900000,0x00000054d7a00000) (1024K)]
  0x000001cdd5475220 JavaThread "Unconstrained build operations Thread 107"        [_thread_blocked, id=4352, stack(0x00000054d7a00000,0x00000054d7b00000) (1024K)]
  0x000001cdd54758b0 JavaThread "Unconstrained build operations Thread 108"        [_thread_blocked, id=20456, stack(0x00000054d7b00000,0x00000054d7c00000) (1024K)]
  0x000001cdd5472430 JavaThread "Unconstrained build operations Thread 109"        [_thread_blocked, id=4092, stack(0x00000054d7c00000,0x00000054d7d00000) (1024K)]
  0x000001cdd5475f40 JavaThread "Unconstrained build operations Thread 110"        [_thread_blocked, id=21200, stack(0x00000054d7d00000,0x00000054d7e00000) (1024K)]
  0x000001cdd5472ac0 JavaThread "Unconstrained build operations Thread 111"        [_thread_blocked, id=6488, stack(0x00000054d7e00000,0x00000054d7f00000) (1024K)]
  0x000001cdd5477980 JavaThread "Unconstrained build operations Thread 112"        [_thread_blocked, id=19704, stack(0x00000054d7f00000,0x00000054d8000000) (1024K)]
  0x000001cdd54772f0 JavaThread "Unconstrained build operations Thread 113"        [_thread_blocked, id=18300, stack(0x00000054d8000000,0x00000054d8100000) (1024K)]
  0x000001cdd54765d0 JavaThread "Unconstrained build operations Thread 114"        [_thread_blocked, id=752, stack(0x00000054d8100000,0x00000054d8200000) (1024K)]
  0x000001cdd5474500 JavaThread "Unconstrained build operations Thread 115"        [_thread_blocked, id=20252, stack(0x00000054d8200000,0x00000054d8300000) (1024K)]
  0x000001cdd5478010 JavaThread "Unconstrained build operations Thread 116"        [_thread_blocked, id=10956, stack(0x00000054d8300000,0x00000054d8400000) (1024K)]
  0x000001cdd5474b90 JavaThread "Unconstrained build operations Thread 117"        [_thread_blocked, id=1552, stack(0x00000054d8400000,0x00000054d8500000) (1024K)]
  0x000001cdd5476c60 JavaThread "Unconstrained build operations Thread 118"        [_thread_blocked, id=19372, stack(0x00000054d8500000,0x00000054d8600000) (1024K)]
  0x000001cdd5478d30 JavaThread "Unconstrained build operations Thread 119"        [_thread_blocked, id=20680, stack(0x00000054d8600000,0x00000054d8700000) (1024K)]
  0x000001cdd5479a50 JavaThread "Unconstrained build operations Thread 120"        [_thread_blocked, id=16280, stack(0x00000054d8700000,0x00000054d8800000) (1024K)]
  0x000001cdcb4e5b80 JavaThread "pool-3-thread-1"                   [_thread_blocked, id=12576, stack(0x00000054d8800000,0x00000054d8900000) (1024K)]
  0x000001cdcb4e6210 JavaThread "stderr"                            [_thread_in_native, id=6812, stack(0x00000054d8900000,0x00000054d8a00000) (1024K)]
  0x000001cdcb4e6f30 JavaThread "stdout"                            [_thread_in_native, id=16752, stack(0x00000054d8a00000,0x00000054d8b00000) (1024K)]
Total: 183

Other Threads:
  0x000001cdc3dc4150 VMThread "VM Thread"                           [id=8452, stack(0x00000054cc700000,0x00000054cc800000) (1024K)]
  0x000001cdc3e719e0 WatcherThread "VM Periodic Task Thread"        [id=8740, stack(0x00000054cc600000,0x00000054cc700000) (1024K)]
  0x000001cdac2e1be0 WorkerThread "GC Thread#0"                     [id=12968, stack(0x00000054cc100000,0x00000054cc200000) (1024K)]
  0x000001cdc46ee0a0 WorkerThread "GC Thread#1"                     [id=19052, stack(0x00000054cd400000,0x00000054cd500000) (1024K)]
  0x000001cdc45f1fe0 WorkerThread "GC Thread#2"                     [id=13680, stack(0x00000054cd500000,0x00000054cd600000) (1024K)]
  0x000001cdc45f2380 WorkerThread "GC Thread#3"                     [id=4124, stack(0x00000054cd600000,0x00000054cd700000) (1024K)]
  0x000001cdc45f2720 WorkerThread "GC Thread#4"                     [id=8556, stack(0x00000054cd700000,0x00000054cd800000) (1024K)]
  0x000001cdc47b1450 WorkerThread "GC Thread#5"                     [id=2664, stack(0x00000054cd800000,0x00000054cd900000) (1024K)]
  0x000001cdc9ca6c50 WorkerThread "GC Thread#6"                     [id=19076, stack(0x00000054cd300000,0x00000054cd400000) (1024K)]
  0x000001cdc9e232c0 WorkerThread "GC Thread#7"                     [id=7584, stack(0x00000054ce300000,0x00000054ce400000) (1024K)]
  0x000001cdc9e23a00 WorkerThread "GC Thread#8"                     [id=14640, stack(0x00000054ce400000,0x00000054ce500000) (1024K)]
  0x000001cdc9e244e0 WorkerThread "GC Thread#9"                     [id=2740, stack(0x00000054ce500000,0x00000054ce600000) (1024K)]
  0x000001cdac2f2ad0 ConcurrentGCThread "G1 Main Marker"            [id=3672, stack(0x00000054cc200000,0x00000054cc300000) (1024K)]
  0x000001cdac2f4320 WorkerThread "G1 Conc#0"                       [id=15724, stack(0x00000054cc300000,0x00000054cc400000) (1024K)]
  0x000001cdc9e23660 WorkerThread "G1 Conc#1"                       [id=10584, stack(0x00000054ce600000,0x00000054ce700000) (1024K)]
  0x000001cdc9e23da0 WorkerThread "G1 Conc#2"                       [id=9784, stack(0x00000054ce700000,0x00000054ce800000) (1024K)]
  0x000001cdc3cc46b0 ConcurrentGCThread "G1 Refine#0"               [id=4828, stack(0x00000054cc400000,0x00000054cc500000) (1024K)]
  0x000001cdc3cc4ed0 ConcurrentGCThread "G1 Service"                [id=19576, stack(0x00000054cc500000,0x00000054cc600000) (1024K)]
Total: 18

Threads with active compile tasks:
C2 CompilerThread0  64925 15200   !   4       java.util.concurrent.locks.AbstractQueuedSynchronizer::acquire (424 bytes)
Total: 1

VM state: not at safepoint (normal execution)

VM Mutex/Monitor currently owned by a thread: None

Heap address: 0x0000000080000000, size: 2048 MB, Compressed Oops mode: 32-bit

CDS archive(s) not mapped
Compressed class space mapped at: 0x0000000100000000-0x0000000140000000, reserved size: 1073741824
Narrow klass base: 0x0000000000000000, Narrow klass shift: 3, Narrow klass range: 0x140000000

GC Precious Log:
 CardTable entry size: 512
 Card Set container configuration: InlinePtr #cards 5 size 8 Array Of Cards #cards 12 size 40 Howl #buckets 4 coarsen threshold 1843 Howl Bitmap #cards 512 size 80 coarsen threshold 460 Card regions per heap region 1 cards per card region 2048
 CPUs: 12 total, 12 available
 Memory: 16312M
 Large Page Support: Disabled
 NUMA Support: Disabled
 Compressed Oops: Enabled (32-bit)
 Heap Region Size: 1M
 Heap Min Capacity: 8M
 Heap Initial Capacity: 256M
 Heap Max Capacity: 2G
 Pre-touch: Disabled
 Parallel Workers: 10
 Concurrent Workers: 3
 Concurrent Refinement Workers: 10
 Periodic GC: Disabled

Heap:
 garbage-first heap   total 208896K, used 144762K [0x0000000080000000, 0x0000000100000000)
  region size 1024K, 23 young (23552K), 5 survivors (5120K)
 Metaspace       used 124462K, committed 126720K, reserved 1179648K
  class space    used 16861K, committed 17984K, reserved 1048576K

Heap Regions: E=young(eden), S=young(survivor), O=old, HS=humongous(starts), HC=humongous(continues), CS=collection set, F=free, TAMS=top-at-mark-start, PB=parsable bottom
|   0|0x0000000080000000, 0x0000000080100000, 0x0000000080100000|100%| O|  |TAMS 0x0000000080000000| PB 0x0000000080000000| Untracked 
|   1|0x0000000080100000, 0x0000000080200000, 0x0000000080200000|100%|HS|  |TAMS 0x0000000080100000| PB 0x0000000080100000| Complete 
|   2|0x0000000080200000, 0x0000000080300000, 0x0000000080300000|100%|HC|  |TAMS 0x0000000080200000| PB 0x0000000080200000| Complete 
|   3|0x0000000080300000, 0x0000000080400000, 0x0000000080400000|100%|HC|  |TAMS 0x0000000080300000| PB 0x0000000080300000| Complete 
|   4|0x0000000080400000, 0x0000000080500000, 0x0000000080500000|100%| O|  |TAMS 0x0000000080400000| PB 0x0000000080400000| Untracked 
|   5|0x0000000080500000, 0x0000000080600000, 0x0000000080600000|100%| O|  |TAMS 0x0000000080500000| PB 0x0000000080500000| Untracked 
|   6|0x0000000080600000, 0x0000000080700000, 0x0000000080700000|100%| O|  |TAMS 0x0000000080600000| PB 0x0000000080600000| Untracked 
|   7|0x0000000080700000, 0x0000000080800000, 0x0000000080800000|100%|HS|  |TAMS 0x0000000080700000| PB 0x0000000080700000| Complete 
|   8|0x0000000080800000, 0x0000000080900000, 0x0000000080900000|100%| O|  |TAMS 0x0000000080800000| PB 0x0000000080800000| Untracked 
|   9|0x0000000080900000, 0x0000000080a00000, 0x0000000080a00000|100%| O|  |TAMS 0x0000000080900000| PB 0x0000000080900000| Untracked 
|  10|0x0000000080a00000, 0x0000000080b00000, 0x0000000080b00000|100%| O|  |TAMS 0x0000000080a00000| PB 0x0000000080a00000| Untracked 
|  11|0x0000000080b00000, 0x0000000080c00000, 0x0000000080c00000|100%| O|  |TAMS 0x0000000080b00000| PB 0x0000000080b00000| Untracked 
|  12|0x0000000080c00000, 0x0000000080d00000, 0x0000000080d00000|100%| O|  |TAMS 0x0000000080c00000| PB 0x0000000080c00000| Untracked 
|  13|0x0000000080d00000, 0x0000000080e00000, 0x0000000080e00000|100%| O|  |TAMS 0x0000000080d00000| PB 0x0000000080d00000| Untracked 
|  14|0x0000000080e00000, 0x0000000080f00000, 0x0000000080f00000|100%| O|  |TAMS 0x0000000080e00000| PB 0x0000000080e00000| Untracked 
|  15|0x0000000080f00000, 0x0000000081000000, 0x0000000081000000|100%| O|  |TAMS 0x0000000080f00000| PB 0x0000000080f00000| Untracked 
|  16|0x0000000081000000, 0x0000000081100000, 0x0000000081100000|100%| O|  |TAMS 0x0000000081000000| PB 0x0000000081000000| Untracked 
|  17|0x0000000081100000, 0x0000000081200000, 0x0000000081200000|100%| O|  |TAMS 0x0000000081100000| PB 0x0000000081100000| Untracked 
|  18|0x0000000081200000, 0x0000000081300000, 0x0000000081300000|100%| O|  |TAMS 0x0000000081200000| PB 0x0000000081200000| Untracked 
|  19|0x0000000081300000, 0x0000000081400000, 0x0000000081400000|100%| O|  |TAMS 0x0000000081300000| PB 0x0000000081300000| Untracked 
|  20|0x0000000081400000, 0x0000000081500000, 0x0000000081500000|100%| O|  |TAMS 0x0000000081400000| PB 0x0000000081400000| Untracked 
|  21|0x0000000081500000, 0x0000000081600000, 0x0000000081600000|100%| O|  |TAMS 0x0000000081500000| PB 0x0000000081500000| Untracked 
|  22|0x0000000081600000, 0x0000000081700000, 0x0000000081700000|100%| O|  |TAMS 0x0000000081600000| PB 0x0000000081600000| Untracked 
|  23|0x0000000081700000, 0x0000000081800000, 0x0000000081800000|100%| O|  |TAMS 0x0000000081700000| PB 0x0000000081700000| Untracked 
|  24|0x0000000081800000, 0x0000000081900000, 0x0000000081900000|100%| O|  |TAMS 0x0000000081800000| PB 0x0000000081800000| Untracked 
|  25|0x0000000081900000, 0x0000000081a00000, 0x0000000081a00000|100%| O|  |TAMS 0x0000000081900000| PB 0x0000000081900000| Untracked 
|  26|0x0000000081a00000, 0x0000000081b00000, 0x0000000081b00000|100%| O|  |TAMS 0x0000000081a00000| PB 0x0000000081a00000| Untracked 
|  27|0x0000000081b00000, 0x0000000081c00000, 0x0000000081c00000|100%| O|  |TAMS 0x0000000081b00000| PB 0x0000000081b00000| Untracked 
|  28|0x0000000081c00000, 0x0000000081d00000, 0x0000000081d00000|100%| O|  |TAMS 0x0000000081c00000| PB 0x0000000081c00000| Untracked 
|  29|0x0000000081d00000, 0x0000000081e00000, 0x0000000081e00000|100%| O|  |TAMS 0x0000000081d00000| PB 0x0000000081d00000| Untracked 
|  30|0x0000000081e00000, 0x0000000081f00000, 0x0000000081f00000|100%|HS|  |TAMS 0x0000000081e00000| PB 0x0000000081e00000| Complete 
|  31|0x0000000081f00000, 0x0000000082000000, 0x0000000082000000|100%| O|  |TAMS 0x0000000081f00000| PB 0x0000000081f00000| Untracked 
|  32|0x0000000082000000, 0x0000000082100000, 0x0000000082100000|100%| O|  |TAMS 0x0000000082000000| PB 0x0000000082000000| Untracked 
|  33|0x0000000082100000, 0x0000000082200000, 0x0000000082200000|100%| O|  |TAMS 0x0000000082100000| PB 0x0000000082100000| Untracked 
|  34|0x0000000082200000, 0x0000000082300000, 0x0000000082300000|100%| O|  |TAMS 0x0000000082200000| PB 0x0000000082200000| Untracked 
|  35|0x0000000082300000, 0x0000000082400000, 0x0000000082400000|100%| O|  |TAMS 0x0000000082300000| PB 0x0000000082300000| Untracked 
|  36|0x0000000082400000, 0x0000000082500000, 0x0000000082500000|100%| O|  |TAMS 0x0000000082400000| PB 0x0000000082400000| Untracked 
|  37|0x0000000082500000, 0x0000000082600000, 0x0000000082600000|100%| O|  |TAMS 0x0000000082500000| PB 0x0000000082500000| Untracked 
|  38|0x0000000082600000, 0x0000000082700000, 0x0000000082700000|100%| O|  |TAMS 0x0000000082600000| PB 0x0000000082600000| Untracked 
|  39|0x0000000082700000, 0x0000000082800000, 0x0000000082800000|100%| O|  |TAMS 0x0000000082700000| PB 0x0000000082700000| Untracked 
|  40|0x0000000082800000, 0x0000000082900000, 0x0000000082900000|100%| O|  |TAMS 0x0000000082800000| PB 0x0000000082800000| Untracked 
|  41|0x0000000082900000, 0x0000000082a00000, 0x0000000082a00000|100%| O|  |TAMS 0x0000000082900000| PB 0x0000000082900000| Untracked 
|  42|0x0000000082a00000, 0x0000000082b00000, 0x0000000082b00000|100%| O|  |TAMS 0x0000000082a00000| PB 0x0000000082a00000| Untracked 
|  43|0x0000000082b00000, 0x0000000082c00000, 0x0000000082c00000|100%| O|  |TAMS 0x0000000082b00000| PB 0x0000000082b00000| Untracked 
|  44|0x0000000082c00000, 0x0000000082d00000, 0x0000000082d00000|100%| O|  |TAMS 0x0000000082c00000| PB 0x0000000082c00000| Untracked 
|  45|0x0000000082d00000, 0x0000000082e00000, 0x0000000082e00000|100%| O|  |TAMS 0x0000000082d00000| PB 0x0000000082d00000| Untracked 
|  46|0x0000000082e00000, 0x0000000082f00000, 0x0000000082f00000|100%| O|  |TAMS 0x0000000082e00000| PB 0x0000000082e00000| Untracked 
|  47|0x0000000082f00000, 0x0000000083000000, 0x0000000083000000|100%| O|  |TAMS 0x0000000082f00000| PB 0x0000000082f00000| Untracked 
|  48|0x0000000083000000, 0x0000000083100000, 0x0000000083100000|100%| O|  |TAMS 0x0000000083000000| PB 0x0000000083000000| Untracked 
|  49|0x0000000083100000, 0x0000000083200000, 0x0000000083200000|100%| O|  |TAMS 0x0000000083100000| PB 0x0000000083100000| Untracked 
|  50|0x0000000083200000, 0x0000000083300000, 0x0000000083300000|100%|HS|  |TAMS 0x0000000083200000| PB 0x0000000083200000| Complete 
|  51|0x0000000083300000, 0x0000000083400000, 0x0000000083400000|100%|HS|  |TAMS 0x0000000083300000| PB 0x0000000083300000| Complete 
|  52|0x0000000083400000, 0x0000000083500000, 0x0000000083500000|100%|HC|  |TAMS 0x0000000083400000| PB 0x0000000083400000| Complete 
|  53|0x0000000083500000, 0x0000000083600000, 0x0000000083600000|100%|HS|  |TAMS 0x0000000083500000| PB 0x0000000083500000| Complete 
|  54|0x0000000083600000, 0x0000000083700000, 0x0000000083700000|100%|HS|  |TAMS 0x0000000083600000| PB 0x0000000083600000| Complete 
|  55|0x0000000083700000, 0x0000000083800000, 0x0000000083800000|100%|HC|  |TAMS 0x0000000083700000| PB 0x0000000083700000| Complete 
|  56|0x0000000083800000, 0x0000000083900000, 0x0000000083900000|100%|HS|  |TAMS 0x0000000083800000| PB 0x0000000083800000| Complete 
|  57|0x0000000083900000, 0x0000000083a00000, 0x0000000083a00000|100%| O|  |TAMS 0x0000000083900000| PB 0x0000000083900000| Untracked 
|  58|0x0000000083a00000, 0x0000000083b00000, 0x0000000083b00000|100%| O|  |TAMS 0x0000000083a00000| PB 0x0000000083a00000| Untracked 
|  59|0x0000000083b00000, 0x0000000083c00000, 0x0000000083c00000|100%|HS|  |TAMS 0x0000000083b00000| PB 0x0000000083b00000| Complete 
|  60|0x0000000083c00000, 0x0000000083d00000, 0x0000000083d00000|100%|HC|  |TAMS 0x0000000083c00000| PB 0x0000000083c00000| Complete 
|  61|0x0000000083d00000, 0x0000000083e00000, 0x0000000083e00000|100%|HC|  |TAMS 0x0000000083d00000| PB 0x0000000083d00000| Complete 
|  62|0x0000000083e00000, 0x0000000083f00000, 0x0000000083f00000|100%|HS|  |TAMS 0x0000000083e00000| PB 0x0000000083e00000| Complete 
|  63|0x0000000083f00000, 0x0000000084000000, 0x0000000084000000|100%| O|  |TAMS 0x0000000083f00000| PB 0x0000000083f00000| Untracked 
|  64|0x0000000084000000, 0x0000000084100000, 0x0000000084100000|100%|HS|  |TAMS 0x0000000084000000| PB 0x0000000084000000| Complete 
|  65|0x0000000084100000, 0x0000000084200000, 0x0000000084200000|100%| O|  |TAMS 0x0000000084100000| PB 0x0000000084100000| Untracked 
|  66|0x0000000084200000, 0x0000000084300000, 0x0000000084300000|100%| O|  |TAMS 0x0000000084200000| PB 0x0000000084200000| Untracked 
|  67|0x0000000084300000, 0x0000000084400000, 0x0000000084400000|100%| O|  |TAMS 0x0000000084300000| PB 0x0000000084300000| Untracked 
|  68|0x0000000084400000, 0x0000000084500000, 0x0000000084500000|100%| O|  |TAMS 0x0000000084400000| PB 0x0000000084400000| Untracked 
|  69|0x0000000084500000, 0x0000000084600000, 0x0000000084600000|100%| O|  |TAMS 0x0000000084500000| PB 0x0000000084500000| Untracked 
|  70|0x0000000084600000, 0x0000000084700000, 0x0000000084700000|100%|HS|  |TAMS 0x0000000084600000| PB 0x0000000084600000| Complete 
|  71|0x0000000084700000, 0x0000000084800000, 0x0000000084800000|100%| O|  |TAMS 0x0000000084700000| PB 0x0000000084700000| Untracked 
|  72|0x0000000084800000, 0x0000000084900000, 0x0000000084900000|100%| O|  |TAMS 0x0000000084800000| PB 0x0000000084800000| Untracked 
|  73|0x0000000084900000, 0x0000000084a00000, 0x0000000084a00000|100%| O|  |TAMS 0x0000000084900000| PB 0x0000000084900000| Untracked 
|  74|0x0000000084a00000, 0x0000000084b00000, 0x0000000084b00000|100%| O|  |TAMS 0x0000000084a00000| PB 0x0000000084a00000| Untracked 
|  75|0x0000000084b00000, 0x0000000084c00000, 0x0000000084c00000|100%|HS|  |TAMS 0x0000000084b00000| PB 0x0000000084b00000| Complete 
|  76|0x0000000084c00000, 0x0000000084d00000, 0x0000000084d00000|100%|HC|  |TAMS 0x0000000084c00000| PB 0x0000000084c00000| Complete 
|  77|0x0000000084d00000, 0x0000000084e00000, 0x0000000084e00000|100%|HC|  |TAMS 0x0000000084d00000| PB 0x0000000084d00000| Complete 
|  78|0x0000000084e00000, 0x0000000084f00000, 0x0000000084f00000|100%| O|  |TAMS 0x0000000084e00000| PB 0x0000000084e00000| Untracked 
|  79|0x0000000084f00000, 0x0000000085000000, 0x0000000085000000|100%| O|  |TAMS 0x0000000084f00000| PB 0x0000000084f00000| Untracked 
|  80|0x0000000085000000, 0x0000000085100000, 0x0000000085100000|100%| O|  |TAMS 0x0000000085000000| PB 0x0000000085000000| Untracked 
|  81|0x0000000085100000, 0x0000000085200000, 0x0000000085200000|100%| O|  |TAMS 0x0000000085100000| PB 0x0000000085100000| Untracked 
|  82|0x0000000085200000, 0x0000000085300000, 0x0000000085300000|100%| O|  |TAMS 0x0000000085200000| PB 0x0000000085200000| Untracked 
|  83|0x0000000085300000, 0x0000000085400000, 0x0000000085400000|100%| O|  |TAMS 0x0000000085300000| PB 0x0000000085300000| Untracked 
|  84|0x0000000085400000, 0x0000000085500000, 0x0000000085500000|100%| O|  |TAMS 0x0000000085400000| PB 0x0000000085400000| Untracked 
|  85|0x0000000085500000, 0x0000000085600000, 0x0000000085600000|100%| O|  |TAMS 0x0000000085500000| PB 0x0000000085500000| Untracked 
|  86|0x0000000085600000, 0x0000000085700000, 0x0000000085700000|100%| O|  |TAMS 0x0000000085600000| PB 0x0000000085600000| Untracked 
|  87|0x0000000085700000, 0x0000000085800000, 0x0000000085800000|100%| O|  |TAMS 0x0000000085700000| PB 0x0000000085700000| Untracked 
|  88|0x0000000085800000, 0x0000000085900000, 0x0000000085900000|100%| O|  |TAMS 0x0000000085800000| PB 0x0000000085800000| Untracked 
|  89|0x0000000085900000, 0x0000000085a00000, 0x0000000085a00000|100%| O|  |TAMS 0x0000000085900000| PB 0x0000000085900000| Untracked 
|  90|0x0000000085a00000, 0x0000000085b00000, 0x0000000085b00000|100%| O|  |TAMS 0x0000000085a00000| PB 0x0000000085a00000| Untracked 
|  91|0x0000000085b00000, 0x0000000085c00000, 0x0000000085c00000|100%| O|  |TAMS 0x0000000085b00000| PB 0x0000000085b00000| Untracked 
|  92|0x0000000085c00000, 0x0000000085d00000, 0x0000000085d00000|100%| O|  |TAMS 0x0000000085c00000| PB 0x0000000085c00000| Untracked 
|  93|0x0000000085d00000, 0x0000000085e00000, 0x0000000085e00000|100%| O|  |TAMS 0x0000000085d00000| PB 0x0000000085d00000| Untracked 
|  94|0x0000000085e00000, 0x0000000085f00000, 0x0000000085f00000|100%| O|  |TAMS 0x0000000085e00000| PB 0x0000000085e00000| Untracked 
|  95|0x0000000085f00000, 0x0000000086000000, 0x0000000086000000|100%| O|  |TAMS 0x0000000085f00000| PB 0x0000000085f00000| Untracked 
|  96|0x0000000086000000, 0x0000000086100000, 0x0000000086100000|100%| O|  |TAMS 0x0000000086000000| PB 0x0000000086000000| Untracked 
|  97|0x0000000086100000, 0x0000000086200000, 0x0000000086200000|100%| O|  |TAMS 0x0000000086100000| PB 0x0000000086100000| Untracked 
|  98|0x0000000086200000, 0x000000008627b130, 0x0000000086300000| 48%| O|  |TAMS 0x0000000086200000| PB 0x0000000086200000| Untracked 
|  99|0x0000000086300000, 0x0000000086300000, 0x0000000086400000|  0%| F|  |TAMS 0x0000000086300000| PB 0x0000000086300000| Untracked 
| 100|0x0000000086400000, 0x0000000086400000, 0x0000000086500000|  0%| F|  |TAMS 0x0000000086400000| PB 0x0000000086400000| Untracked 
| 101|0x0000000086500000, 0x0000000086500000, 0x0000000086600000|  0%| F|  |TAMS 0x0000000086500000| PB 0x0000000086500000| Untracked 
| 102|0x0000000086600000, 0x0000000086700000, 0x0000000086700000|100%| O|  |TAMS 0x0000000086600000| PB 0x0000000086600000| Untracked 
| 103|0x0000000086700000, 0x0000000086800000, 0x0000000086800000|100%| O|  |TAMS 0x0000000086700000| PB 0x0000000086700000| Untracked 
| 104|0x0000000086800000, 0x0000000086900000, 0x0000000086900000|100%| O|  |TAMS 0x0000000086800000| PB 0x0000000086800000| Untracked 
| 105|0x0000000086900000, 0x0000000086a00000, 0x0000000086a00000|100%| O|  |TAMS 0x0000000086900000| PB 0x0000000086900000| Untracked 
| 106|0x0000000086a00000, 0x0000000086b00000, 0x0000000086b00000|100%| O|  |TAMS 0x0000000086a00000| PB 0x0000000086a00000| Untracked 
| 107|0x0000000086b00000, 0x0000000086c00000, 0x0000000086c00000|100%| O|  |TAMS 0x0000000086b00000| PB 0x0000000086b00000| Untracked 
| 108|0x0000000086c00000, 0x0000000086d00000, 0x0000000086d00000|100%| O|  |TAMS 0x0000000086c00000| PB 0x0000000086c00000| Untracked 
| 109|0x0000000086d00000, 0x0000000086d00000, 0x0000000086e00000|  0%| F|  |TAMS 0x0000000086d00000| PB 0x0000000086d00000| Untracked 
| 110|0x0000000086e00000, 0x0000000086e00000, 0x0000000086f00000|  0%| F|  |TAMS 0x0000000086e00000| PB 0x0000000086e00000| Untracked 
| 111|0x0000000086f00000, 0x0000000087000000, 0x0000000087000000|100%| O|  |TAMS 0x0000000086f00000| PB 0x0000000086f00000| Untracked 
| 112|0x0000000087000000, 0x0000000087100000, 0x0000000087100000|100%| O|  |TAMS 0x0000000087000000| PB 0x0000000087000000| Untracked 
| 113|0x0000000087100000, 0x0000000087200000, 0x0000000087200000|100%| O|  |TAMS 0x0000000087100000| PB 0x0000000087100000| Untracked 
| 114|0x0000000087200000, 0x0000000087300000, 0x0000000087300000|100%| O|  |TAMS 0x0000000087200000| PB 0x0000000087200000| Untracked 
| 115|0x0000000087300000, 0x0000000087400000, 0x0000000087400000|100%| O|  |TAMS 0x0000000087300000| PB 0x0000000087300000| Untracked 
| 116|0x0000000087400000, 0x0000000087500000, 0x0000000087500000|100%| O|Cm|TAMS 0x0000000087400000| PB 0x0000000087400000| Complete 
| 117|0x0000000087500000, 0x0000000087600000, 0x0000000087600000|100%| O|Cm|TAMS 0x0000000087500000| PB 0x0000000087500000| Complete 
| 118|0x0000000087600000, 0x0000000087700000, 0x0000000087700000|100%| O|Cm|TAMS 0x0000000087600000| PB 0x0000000087600000| Complete 
| 119|0x0000000087700000, 0x0000000087800000, 0x0000000087800000|100%| O|  |TAMS 0x0000000087700000| PB 0x0000000087700000| Untracked 
| 120|0x0000000087800000, 0x0000000087900000, 0x0000000087900000|100%| O|Cm|TAMS 0x0000000087800000| PB 0x0000000087800000| Complete 
| 121|0x0000000087900000, 0x0000000087a00000, 0x0000000087a00000|100%| O|  |TAMS 0x0000000087900000| PB 0x0000000087900000| Untracked 
| 122|0x0000000087a00000, 0x0000000087a00000, 0x0000000087b00000|  0%| F|  |TAMS 0x0000000087a00000| PB 0x0000000087a00000| Untracked 
| 123|0x0000000087b00000, 0x0000000087b00000, 0x0000000087c00000|  0%| F|  |TAMS 0x0000000087b00000| PB 0x0000000087b00000| Untracked 
| 124|0x0000000087c00000, 0x0000000087c00000, 0x0000000087d00000|  0%| F|  |TAMS 0x0000000087c00000| PB 0x0000000087c00000| Untracked 
| 125|0x0000000087d00000, 0x0000000087d00000, 0x0000000087e00000|  0%| F|  |TAMS 0x0000000087d00000| PB 0x0000000087d00000| Untracked 
| 126|0x0000000087e00000, 0x0000000087e00000, 0x0000000087f00000|  0%| F|  |TAMS 0x0000000087e00000| PB 0x0000000087e00000| Untracked 
| 127|0x0000000087f00000, 0x0000000087f00000, 0x0000000088000000|  0%| F|  |TAMS 0x0000000087f00000| PB 0x0000000087f00000| Untracked 
| 128|0x0000000088000000, 0x0000000088000000, 0x0000000088100000|  0%| F|  |TAMS 0x0000000088000000| PB 0x0000000088000000| Untracked 
| 129|0x0000000088100000, 0x0000000088100000, 0x0000000088200000|  0%| F|  |TAMS 0x0000000088100000| PB 0x0000000088100000| Untracked 
| 130|0x0000000088200000, 0x0000000088200000, 0x0000000088300000|  0%| F|  |TAMS 0x0000000088200000| PB 0x0000000088200000| Untracked 
| 131|0x0000000088300000, 0x0000000088300000, 0x0000000088400000|  0%| F|  |TAMS 0x0000000088300000| PB 0x0000000088300000| Untracked 
| 132|0x0000000088400000, 0x0000000088400000, 0x0000000088500000|  0%| F|  |TAMS 0x0000000088400000| PB 0x0000000088400000| Untracked 
| 133|0x0000000088500000, 0x0000000088500000, 0x0000000088600000|  0%| F|  |TAMS 0x0000000088500000| PB 0x0000000088500000| Untracked 
| 134|0x0000000088600000, 0x0000000088600000, 0x0000000088700000|  0%| F|  |TAMS 0x0000000088600000| PB 0x0000000088600000| Untracked 
| 135|0x0000000088700000, 0x0000000088700000, 0x0000000088800000|  0%| F|  |TAMS 0x0000000088700000| PB 0x0000000088700000| Untracked 
| 136|0x0000000088800000, 0x0000000088800000, 0x0000000088900000|  0%| F|  |TAMS 0x0000000088800000| PB 0x0000000088800000| Untracked 
| 137|0x0000000088900000, 0x0000000088900000, 0x0000000088a00000|  0%| F|  |TAMS 0x0000000088900000| PB 0x0000000088900000| Untracked 
| 138|0x0000000088a00000, 0x0000000088a00000, 0x0000000088b00000|  0%| F|  |TAMS 0x0000000088a00000| PB 0x0000000088a00000| Untracked 
| 139|0x0000000088b00000, 0x0000000088b00000, 0x0000000088c00000|  0%| F|  |TAMS 0x0000000088b00000| PB 0x0000000088b00000| Untracked 
| 140|0x0000000088c00000, 0x0000000088c00000, 0x0000000088d00000|  0%| F|  |TAMS 0x0000000088c00000| PB 0x0000000088c00000| Untracked 
| 141|0x0000000088d00000, 0x0000000088d00000, 0x0000000088e00000|  0%| F|  |TAMS 0x0000000088d00000| PB 0x0000000088d00000| Untracked 
| 142|0x0000000088e00000, 0x0000000088e00000, 0x0000000088f00000|  0%| F|  |TAMS 0x0000000088e00000| PB 0x0000000088e00000| Untracked 
| 143|0x0000000088f00000, 0x0000000088f00000, 0x0000000089000000|  0%| F|  |TAMS 0x0000000088f00000| PB 0x0000000088f00000| Untracked 
| 144|0x0000000089000000, 0x0000000089000000, 0x0000000089100000|  0%| F|  |TAMS 0x0000000089000000| PB 0x0000000089000000| Untracked 
| 145|0x0000000089100000, 0x0000000089100000, 0x0000000089200000|  0%| F|  |TAMS 0x0000000089100000| PB 0x0000000089100000| Untracked 
| 146|0x0000000089200000, 0x0000000089200000, 0x0000000089300000|  0%| F|  |TAMS 0x0000000089200000| PB 0x0000000089200000| Untracked 
| 147|0x0000000089300000, 0x0000000089300000, 0x0000000089400000|  0%| F|  |TAMS 0x0000000089300000| PB 0x0000000089300000| Untracked 
| 148|0x0000000089400000, 0x0000000089400000, 0x0000000089500000|  0%| F|  |TAMS 0x0000000089400000| PB 0x0000000089400000| Untracked 
| 149|0x0000000089500000, 0x0000000089500000, 0x0000000089600000|  0%| F|  |TAMS 0x0000000089500000| PB 0x0000000089500000| Untracked 
| 150|0x0000000089600000, 0x0000000089600000, 0x0000000089700000|  0%| F|  |TAMS 0x0000000089600000| PB 0x0000000089600000| Untracked 
| 151|0x0000000089700000, 0x0000000089700000, 0x0000000089800000|  0%| F|  |TAMS 0x0000000089700000| PB 0x0000000089700000| Untracked 
| 152|0x0000000089800000, 0x0000000089800000, 0x0000000089900000|  0%| F|  |TAMS 0x0000000089800000| PB 0x0000000089800000| Untracked 
| 153|0x0000000089900000, 0x0000000089900000, 0x0000000089a00000|  0%| F|  |TAMS 0x0000000089900000| PB 0x0000000089900000| Untracked 
| 154|0x0000000089a00000, 0x0000000089a00000, 0x0000000089b00000|  0%| F|  |TAMS 0x0000000089a00000| PB 0x0000000089a00000| Untracked 
| 155|0x0000000089b00000, 0x0000000089b00000, 0x0000000089c00000|  0%| F|  |TAMS 0x0000000089b00000| PB 0x0000000089b00000| Untracked 
| 156|0x0000000089c00000, 0x0000000089ce3880, 0x0000000089d00000| 88%| S|CS|TAMS 0x0000000089c00000| PB 0x0000000089c00000| Complete 
| 157|0x0000000089d00000, 0x0000000089e00000, 0x0000000089e00000|100%| S|CS|TAMS 0x0000000089d00000| PB 0x0000000089d00000| Complete 
| 158|0x0000000089e00000, 0x0000000089f00000, 0x0000000089f00000|100%| S|CS|TAMS 0x0000000089e00000| PB 0x0000000089e00000| Complete 
| 159|0x0000000089f00000, 0x000000008a000000, 0x000000008a000000|100%| S|CS|TAMS 0x0000000089f00000| PB 0x0000000089f00000| Complete 
| 160|0x000000008a000000, 0x000000008a100000, 0x000000008a100000|100%| S|CS|TAMS 0x000000008a000000| PB 0x000000008a000000| Complete 
| 161|0x000000008a100000, 0x000000008a100000, 0x000000008a200000|  0%| F|  |TAMS 0x000000008a100000| PB 0x000000008a100000| Untracked 
| 162|0x000000008a200000, 0x000000008a200000, 0x000000008a300000|  0%| F|  |TAMS 0x000000008a200000| PB 0x000000008a200000| Untracked 
| 163|0x000000008a300000, 0x000000008a300000, 0x000000008a400000|  0%| F|  |TAMS 0x000000008a300000| PB 0x000000008a300000| Untracked 
| 164|0x000000008a400000, 0x000000008a400000, 0x000000008a500000|  0%| F|  |TAMS 0x000000008a400000| PB 0x000000008a400000| Untracked 
| 165|0x000000008a500000, 0x000000008a500000, 0x000000008a600000|  0%| F|  |TAMS 0x000000008a500000| PB 0x000000008a500000| Untracked 
| 166|0x000000008a600000, 0x000000008a600000, 0x000000008a700000|  0%| F|  |TAMS 0x000000008a600000| PB 0x000000008a600000| Untracked 
| 167|0x000000008a700000, 0x000000008a700000, 0x000000008a800000|  0%| F|  |TAMS 0x000000008a700000| PB 0x000000008a700000| Untracked 
| 168|0x000000008a800000, 0x000000008a800000, 0x000000008a900000|  0%| F|  |TAMS 0x000000008a800000| PB 0x000000008a800000| Untracked 
| 169|0x000000008a900000, 0x000000008a900000, 0x000000008aa00000|  0%| F|  |TAMS 0x000000008a900000| PB 0x000000008a900000| Untracked 
| 170|0x000000008aa00000, 0x000000008aa00000, 0x000000008ab00000|  0%| F|  |TAMS 0x000000008aa00000| PB 0x000000008aa00000| Untracked 
| 171|0x000000008ab00000, 0x000000008ab00000, 0x000000008ac00000|  0%| F|  |TAMS 0x000000008ab00000| PB 0x000000008ab00000| Untracked 
| 172|0x000000008ac00000, 0x000000008ac00000, 0x000000008ad00000|  0%| F|  |TAMS 0x000000008ac00000| PB 0x000000008ac00000| Untracked 
| 173|0x000000008ad00000, 0x000000008ad00000, 0x000000008ae00000|  0%| F|  |TAMS 0x000000008ad00000| PB 0x000000008ad00000| Untracked 
| 174|0x000000008ae00000, 0x000000008ae00000, 0x000000008af00000|  0%| F|  |TAMS 0x000000008ae00000| PB 0x000000008ae00000| Untracked 
| 175|0x000000008af00000, 0x000000008af00000, 0x000000008b000000|  0%| F|  |TAMS 0x000000008af00000| PB 0x000000008af00000| Untracked 
| 176|0x000000008b000000, 0x000000008b000000, 0x000000008b100000|  0%| F|  |TAMS 0x000000008b000000| PB 0x000000008b000000| Untracked 
| 177|0x000000008b100000, 0x000000008b100000, 0x000000008b200000|  0%| F|  |TAMS 0x000000008b100000| PB 0x000000008b100000| Untracked 
| 178|0x000000008b200000, 0x000000008b200000, 0x000000008b300000|  0%| F|  |TAMS 0x000000008b200000| PB 0x000000008b200000| Untracked 
| 179|0x000000008b300000, 0x000000008b300000, 0x000000008b400000|  0%| F|  |TAMS 0x000000008b300000| PB 0x000000008b300000| Untracked 
| 180|0x000000008b400000, 0x000000008b400000, 0x000000008b500000|  0%| F|  |TAMS 0x000000008b400000| PB 0x000000008b400000| Untracked 
| 181|0x000000008b500000, 0x000000008b500000, 0x000000008b600000|  0%| F|  |TAMS 0x000000008b500000| PB 0x000000008b500000| Untracked 
| 182|0x000000008b600000, 0x000000008b600000, 0x000000008b700000|  0%| F|  |TAMS 0x000000008b600000| PB 0x000000008b600000| Untracked 
| 183|0x000000008b700000, 0x000000008b711020, 0x000000008b800000|  6%| E|  |TAMS 0x000000008b700000| PB 0x000000008b700000| Complete 
| 184|0x000000008b800000, 0x000000008b900000, 0x000000008b900000|100%| E|CS|TAMS 0x000000008b800000| PB 0x000000008b800000| Complete 
| 185|0x000000008b900000, 0x000000008ba00000, 0x000000008ba00000|100%| E|CS|TAMS 0x000000008b900000| PB 0x000000008b900000| Complete 
| 186|0x000000008ba00000, 0x000000008bb00000, 0x000000008bb00000|100%| E|CS|TAMS 0x000000008ba00000| PB 0x000000008ba00000| Complete 
| 187|0x000000008bb00000, 0x000000008bc00000, 0x000000008bc00000|100%| E|CS|TAMS 0x000000008bb00000| PB 0x000000008bb00000| Complete 
| 222|0x000000008de00000, 0x000000008df00000, 0x000000008df00000|100%| E|CS|TAMS 0x000000008de00000| PB 0x000000008de00000| Complete 
| 223|0x000000008df00000, 0x000000008e000000, 0x000000008e000000|100%| E|CS|TAMS 0x000000008df00000| PB 0x000000008df00000| Complete 
| 224|0x000000008e000000, 0x000000008e100000, 0x000000008e100000|100%| E|CS|TAMS 0x000000008e000000| PB 0x000000008e000000| Complete 
| 225|0x000000008e100000, 0x000000008e200000, 0x000000008e200000|100%| E|CS|TAMS 0x000000008e100000| PB 0x000000008e100000| Complete 
| 226|0x000000008e200000, 0x000000008e300000, 0x000000008e300000|100%| E|CS|TAMS 0x000000008e200000| PB 0x000000008e200000| Complete 
| 227|0x000000008e300000, 0x000000008e400000, 0x000000008e400000|100%| E|CS|TAMS 0x000000008e300000| PB 0x000000008e300000| Complete 
| 228|0x000000008e400000, 0x000000008e500000, 0x000000008e500000|100%| E|CS|TAMS 0x000000008e400000| PB 0x000000008e400000| Complete 
| 229|0x000000008e500000, 0x000000008e600000, 0x000000008e600000|100%| E|CS|TAMS 0x000000008e500000| PB 0x000000008e500000| Complete 
| 230|0x000000008e600000, 0x000000008e700000, 0x000000008e700000|100%| E|CS|TAMS 0x000000008e600000| PB 0x000000008e600000| Complete 
| 254|0x000000008fe00000, 0x000000008ff00000, 0x000000008ff00000|100%| E|CS|TAMS 0x000000008fe00000| PB 0x000000008fe00000| Complete 
| 255|0x000000008ff00000, 0x0000000090000000, 0x0000000090000000|100%| E|CS|TAMS 0x000000008ff00000| PB 0x000000008ff00000| Complete 
|2043|0x00000000ffb00000, 0x00000000ffc00000, 0x00000000ffc00000|100%| O|  |TAMS 0x00000000ffb00000| PB 0x00000000ffb00000| Untracked 
|2044|0x00000000ffc00000, 0x00000000ffd00000, 0x00000000ffd00000|100%| O|  |TAMS 0x00000000ffc00000| PB 0x00000000ffc00000| Untracked 
|2045|0x00000000ffd00000, 0x00000000ffe00000, 0x00000000ffe00000|100%| O|  |TAMS 0x00000000ffd00000| PB 0x00000000ffd00000| Untracked 
|2046|0x00000000ffe00000, 0x00000000fff00000, 0x00000000fff00000|100%| E|CS|TAMS 0x00000000ffe00000| PB 0x00000000ffe00000| Complete 
|2047|0x00000000fff00000, 0x0000000100000000, 0x0000000100000000|100%| E|CS|TAMS 0x00000000fff00000| PB 0x00000000fff00000| Complete 

Card table byte_map: [0x000001cdbed50000,0x000001cdbf150000] _byte_map_base: 0x000001cdbe950000

Marking Bits: (CMBitMap*) 0x000001cdac2e21f0
 Bits: [0x000001cdbf150000, 0x000001cdc1150000)

Polling page: 0x000001cdaa230000

Metaspace:

Usage:
  Non-class:    105.08 MB used.
      Class:     16.47 MB used.
       Both:    121.55 MB used.

Virtual space:
  Non-class space:      128.00 MB reserved,     106.19 MB ( 83%) committed,  2 nodes.
      Class space:        1.00 GB reserved,      17.56 MB (  2%) committed,  1 nodes.
             Both:        1.12 GB reserved,     123.75 MB ( 11%) committed. 

Chunk freelists:
   Non-Class:  5.73 MB
       Class:  14.45 MB
        Both:  20.18 MB

MaxMetaspaceSize: unlimited
CompressedClassSpaceSize: 1.00 GB
Initial GC threshold: 21.00 MB
Current GC threshold: 205.25 MB
CDS: off
 - commit_granule_bytes: 65536.
 - commit_granule_words: 8192.
 - virtual_space_node_default_size: 8388608.
 - enlarge_chunks_in_place: 1.
 - use_allocation_guard: 0.


Internal statistics:

num_allocs_failed_limit: 9.
num_arena_births: 4390.
num_arena_deaths: 0.
num_vsnodes_births: 3.
num_vsnodes_deaths: 0.
num_space_committed: 1979.
num_space_uncommitted: 0.
num_chunks_returned_to_freelist: 9.
num_chunks_taken_from_freelist: 9571.
num_chunk_merges: 9.
num_chunk_splits: 6225.
num_chunks_enlarged: 3909.
num_inconsistent_stats: 0.

CodeHeap 'non-profiled nmethods': size=120000Kb used=8934Kb max_used=8934Kb free=111065Kb
 bounds [0x000001cdb6eb0000, 0x000001cdb7770000, 0x000001cdbe3e0000]
CodeHeap 'profiled nmethods': size=120000Kb used=23635Kb max_used=24119Kb free=96364Kb
 bounds [0x000001cdaf3e0000, 0x000001cdb0b70000, 0x000001cdb6910000]
CodeHeap 'non-nmethods': size=5760Kb used=2211Kb max_used=2265Kb free=3548Kb
 bounds [0x000001cdb6910000, 0x000001cdb6b80000, 0x000001cdb6eb0000]
 total_blobs=13731 nmethods=12805 adapters=830
 compilation: enabled
              stopped_count=0, restarted_count=0
 full_count=0

Compilation events (20 events):
Event: 55.383 Thread 0x000001cdc3f175a0 nmethod 15190 0x000001cdafcac790 code [0x000001cdafcac9a0, 0x000001cdafcad168]
Event: 57.388 Thread 0x000001cdc3f175a0 15191       3       java.util.concurrent.ThreadPoolExecutor$Worker::lock (6 bytes)
Event: 57.388 Thread 0x000001cdc3f175a0 nmethod 15191 0x000001cdafee2e90 code [0x000001cdafee3040, 0x000001cdafee3180]
Event: 57.388 Thread 0x000001cdc3f175a0 15192       3       java.util.concurrent.ThreadPoolExecutor$Worker::tryAcquire (20 bytes)
Event: 57.388 Thread 0x000001cdc3f175a0 nmethod 15192 0x000001cdb0057090 code [0x000001cdb0057240, 0x000001cdb0057480]
Event: 57.388 Thread 0x000001cdc3f175a0 15193   !   3       org.gradle.internal.concurrent.AbstractManagedExecutor$1::run (57 bytes)
Event: 57.388 Thread 0x000001cdc3f175a0 nmethod 15193 0x000001cdaf52c190 code [0x000001cdaf52c3a0, 0x000001cdaf52c840]
Event: 59.382 Thread 0x000001cdc3f175a0 15194       1       java.lang.management.DefaultPlatformMBeanProvider$7::mbeanInterfaceNames (5 bytes)
Event: 59.382 Thread 0x000001cdc3f175a0 nmethod 15194 0x000001cdb7768910 code [0x000001cdb7768aa0, 0x000001cdb7768b68]
Event: 59.382 Thread 0x000001cdc3f175a0 15195       1       com.sun.management.internal.PlatformMBeanProviderImpl$2::mbeanInterfaceNames (5 bytes)
Event: 59.382 Thread 0x000001cdc3f175a0 nmethod 15195 0x000001cdb7768c10 code [0x000001cdb7768da0, 0x000001cdb7768e68]
Event: 59.382 Thread 0x000001cdc3f175a0 15196       1       com.sun.management.internal.PlatformMBeanProviderImpl$3::mbeanInterfaceNames (5 bytes)
Event: 59.382 Thread 0x000001cdc3f175a0 nmethod 15196 0x000001cdb7768f10 code [0x000001cdb77690a0, 0x000001cdb7769168]
Event: 59.382 Thread 0x000001cdc3f175a0 15197       1       java.lang.management.DefaultPlatformMBeanProvider$5::mbeanInterfaceNames (5 bytes)
Event: 59.382 Thread 0x000001cdc3f175a0 nmethod 15197 0x000001cdb7769210 code [0x000001cdb77693a0, 0x000001cdb7769468]
Event: 59.382 Thread 0x000001cdc3f175a0 15198       1       java.lang.management.DefaultPlatformMBeanProvider$6::mbeanInterfaceNames (5 bytes)
Event: 59.382 Thread 0x000001cdc3f175a0 nmethod 15198 0x000001cdb7769510 code [0x000001cdb77696a0, 0x000001cdb7769768]
Event: 62.651 Thread 0x000001cdc3f175a0 15199       1       org.gradle.launcher.daemon.server.health.gc.GarbageCollectionEvent::getUsage (5 bytes)
Event: 62.651 Thread 0x000001cdc3f175a0 nmethod 15199 0x000001cdb7769810 code [0x000001cdb77699a0, 0x000001cdb7769a68]
Event: 64.511 Thread 0x000001cdc3f16f00 15200   !   4       java.util.concurrent.locks.AbstractQueuedSynchronizer::acquire (424 bytes)

GC Heap History (20 events):
Event: 26.148 GC heap before
{Heap before GC invocations=40 (full 0):
 garbage-first heap   total 160768K, used 128692K [0x0000000080000000, 0x0000000100000000)
  region size 1024K, 35 young (35840K), 2 survivors (2048K)
 Metaspace       used 100443K, committed 102464K, reserved 1179648K
  class space    used 13605K, committed 14656K, reserved 1048576K
}
Event: 26.150 GC heap after
{Heap after GC invocations=41 (full 0):
 garbage-first heap   total 160768K, used 93931K [0x0000000080000000, 0x0000000100000000)
  region size 1024K, 2 young (2048K), 2 survivors (2048K)
 Metaspace       used 100443K, committed 102464K, reserved 1179648K
  class space    used 13605K, committed 14656K, reserved 1048576K
}
Event: 26.832 GC heap before
{Heap before GC invocations=41 (full 0):
 garbage-first heap   total 160768K, used 147179K [0x0000000080000000, 0x0000000100000000)
  region size 1024K, 54 young (55296K), 2 survivors (2048K)
 Metaspace       used 104391K, committed 106496K, reserved 1179648K
  class space    used 14235K, committed 15296K, reserved 1048576K
}
Event: 26.835 GC heap after
{Heap after GC invocations=42 (full 0):
 garbage-first heap   total 160768K, used 95125K [0x0000000080000000, 0x0000000100000000)
  region size 1024K, 4 young (4096K), 4 survivors (4096K)
 Metaspace       used 104391K, committed 106496K, reserved 1179648K
  class space    used 14235K, committed 15296K, reserved 1048576K
}
Event: 27.534 GC heap before
{Heap before GC invocations=42 (full 0):
 garbage-first heap   total 160768K, used 147349K [0x0000000080000000, 0x0000000100000000)
  region size 1024K, 55 young (56320K), 4 survivors (4096K)
 Metaspace       used 108459K, committed 110656K, reserved 1179648K
  class space    used 14827K, committed 15936K, reserved 1048576K
}
Event: 27.539 GC heap after
{Heap after GC invocations=43 (full 0):
 garbage-first heap   total 160768K, used 98150K [0x0000000080000000, 0x0000000100000000)
  region size 1024K, 7 young (7168K), 7 survivors (7168K)
 Metaspace       used 108459K, committed 110656K, reserved 1179648K
  class space    used 14827K, committed 15936K, reserved 1048576K
}
Event: 28.401 GC heap before
{Heap before GC invocations=44 (full 0):
 garbage-first heap   total 165888K, used 143206K [0x0000000080000000, 0x0000000100000000)
  region size 1024K, 51 young (52224K), 7 survivors (7168K)
 Metaspace       used 112721K, committed 114880K, reserved 1179648K
  class space    used 15454K, committed 16512K, reserved 1048576K
}
Event: 28.406 GC heap after
{Heap after GC invocations=45 (full 0):
 garbage-first heap   total 165888K, used 100144K [0x0000000080000000, 0x0000000100000000)
  region size 1024K, 5 young (5120K), 5 survivors (5120K)
 Metaspace       used 112721K, committed 114880K, reserved 1179648K
  class space    used 15454K, committed 16512K, reserved 1048576K
}
Event: 29.498 GC heap before
{Heap before GC invocations=45 (full 0):
 garbage-first heap   total 165888K, used 151344K [0x0000000080000000, 0x0000000100000000)
  region size 1024K, 55 young (56320K), 5 survivors (5120K)
 Metaspace       used 116037K, committed 118208K, reserved 1179648K
  class space    used 15975K, committed 17088K, reserved 1048576K
}
Event: 29.505 GC heap after
{Heap after GC invocations=46 (full 0):
 garbage-first heap   total 165888K, used 104143K [0x0000000080000000, 0x0000000100000000)
  region size 1024K, 7 young (7168K), 7 survivors (7168K)
 Metaspace       used 116037K, committed 118208K, reserved 1179648K
  class space    used 15975K, committed 17088K, reserved 1048576K
}
Event: 32.132 GC heap before
{Heap before GC invocations=46 (full 0):
 garbage-first heap   total 165888K, used 149199K [0x0000000080000000, 0x0000000100000000)
  region size 1024K, 51 young (52224K), 7 survivors (7168K)
 Metaspace       used 116935K, committed 119104K, reserved 1179648K
  class space    used 16084K, committed 17152K, reserved 1048576K
}
Event: 32.140 GC heap after
{Heap after GC invocations=47 (full 0):
 garbage-first heap   total 165888K, used 109549K [0x0000000080000000, 0x0000000100000000)
  region size 1024K, 6 young (6144K), 6 survivors (6144K)
 Metaspace       used 116935K, committed 119104K, reserved 1179648K
  class space    used 16084K, committed 17152K, reserved 1048576K
}
Event: 33.296 GC heap before
{Heap before GC invocations=48 (full 0):
 garbage-first heap   total 184320K, used 154605K [0x0000000080000000, 0x0000000100000000)
  region size 1024K, 45 young (46080K), 6 survivors (6144K)
 Metaspace       used 120187K, committed 122368K, reserved 1179648K
  class space    used 16393K, committed 17472K, reserved 1048576K
}
Event: 33.302 GC heap after
{Heap after GC invocations=49 (full 0):
 garbage-first heap   total 184320K, used 118324K [0x0000000080000000, 0x0000000100000000)
  region size 1024K, 6 young (6144K), 6 survivors (6144K)
 Metaspace       used 120187K, committed 122368K, reserved 1179648K
  class space    used 16393K, committed 17472K, reserved 1048576K
}
Event: 34.374 GC heap before
{Heap before GC invocations=49 (full 0):
 garbage-first heap   total 184320K, used 171572K [0x0000000080000000, 0x0000000100000000)
  region size 1024K, 52 young (53248K), 6 survivors (6144K)
 Metaspace       used 122717K, committed 124992K, reserved 1179648K
  class space    used 16655K, committed 17792K, reserved 1048576K
}
Event: 34.381 GC heap after
{Heap after GC invocations=50 (full 0):
 garbage-first heap   total 184320K, used 119765K [0x0000000080000000, 0x0000000100000000)
  region size 1024K, 3 young (3072K), 3 survivors (3072K)
 Metaspace       used 122717K, committed 124992K, reserved 1179648K
  class space    used 16655K, committed 17792K, reserved 1048576K
}
Event: 35.733 GC heap before
{Heap before GC invocations=50 (full 0):
 garbage-first heap   total 184320K, used 166869K [0x0000000080000000, 0x0000000100000000)
  region size 1024K, 50 young (51200K), 3 survivors (3072K)
 Metaspace       used 123676K, committed 125952K, reserved 1179648K
  class space    used 16757K, committed 17920K, reserved 1048576K
}
Event: 35.738 GC heap after
{Heap after GC invocations=51 (full 0):
 garbage-first heap   total 184320K, used 123902K [0x0000000080000000, 0x0000000100000000)
  region size 1024K, 7 young (7168K), 7 survivors (7168K)
 Metaspace       used 123676K, committed 125952K, reserved 1179648K
  class space    used 16757K, committed 17920K, reserved 1048576K
}
Event: 36.726 GC heap before
{Heap before GC invocations=52 (full 0):
 garbage-first heap   total 208896K, used 163838K [0x0000000080000000, 0x0000000100000000)
  region size 1024K, 47 young (48128K), 7 survivors (7168K)
 Metaspace       used 124432K, committed 126720K, reserved 1179648K
  class space    used 16860K, committed 17984K, reserved 1048576K
}
Event: 36.733 GC heap after
{Heap after GC invocations=53 (full 0):
 garbage-first heap   total 208896K, used 127354K [0x0000000080000000, 0x0000000100000000)
  region size 1024K, 5 young (5120K), 5 survivors (5120K)
 Metaspace       used 124432K, committed 126720K, reserved 1179648K
  class space    used 16860K, committed 17984K, reserved 1048576K
}

Dll operation events (3 events):
Event: 0.195 Loaded shared library H:\android studio\jbr\bin\java.dll
Event: 0.247 Loaded shared library H:\android studio\jbr\bin\zip.dll
Event: 0.962 Loaded shared library H:\android studio\jbr\bin\verify.dll

Deoptimization events (20 events):
Event: 37.021 Thread 0x000001cdce90ef70 Uncommon trap: trap_request=0xffffffd6 fr.pc=0x000001cdb773e5a4 relative=0x00000000000015e4
Event: 37.021 Thread 0x000001cdce90ef70 Uncommon trap: reason=array_check action=maybe_recompile pc=0x000001cdb773e5a4 method=org.gradle.internal.action.InstantiatingAction.execute(Ljava/lang/Object;)V @ 121 c2
Event: 37.021 Thread 0x000001cdce90ef70 DEOPT PACKING pc=0x000001cdb773e5a4 sp=0x00000054d1cfbe50
Event: 37.021 Thread 0x000001cdce90ef70 DEOPT UNPACKING pc=0x000001cdb69646a2 sp=0x00000054d1cfbca0 mode 2
Event: 37.021 Thread 0x000001cdce90ef70 Uncommon trap: trap_request=0xffffffd6 fr.pc=0x000001cdb773e5a4 relative=0x00000000000015e4
Event: 37.021 Thread 0x000001cdce90ef70 Uncommon trap: reason=array_check action=maybe_recompile pc=0x000001cdb773e5a4 method=org.gradle.internal.action.InstantiatingAction.execute(Ljava/lang/Object;)V @ 121 c2
Event: 37.021 Thread 0x000001cdce90ef70 DEOPT PACKING pc=0x000001cdb773e5a4 sp=0x00000054d1cfb860
Event: 37.021 Thread 0x000001cdce90ef70 DEOPT UNPACKING pc=0x000001cdb69646a2 sp=0x00000054d1cfb6b0 mode 2
Event: 37.021 Thread 0x000001cdce90ef70 Uncommon trap: trap_request=0xffffffd6 fr.pc=0x000001cdb773e5a4 relative=0x00000000000015e4
Event: 37.021 Thread 0x000001cdce90ef70 Uncommon trap: reason=array_check action=maybe_recompile pc=0x000001cdb773e5a4 method=org.gradle.internal.action.InstantiatingAction.execute(Ljava/lang/Object;)V @ 121 c2
Event: 37.021 Thread 0x000001cdce90ef70 DEOPT PACKING pc=0x000001cdb773e5a4 sp=0x00000054d1cfb860
Event: 37.021 Thread 0x000001cdce90ef70 DEOPT UNPACKING pc=0x000001cdb69646a2 sp=0x00000054d1cfb6b0 mode 2
Event: 37.021 Thread 0x000001cdce90ef70 Uncommon trap: trap_request=0xffffffd6 fr.pc=0x000001cdb773e5a4 relative=0x00000000000015e4
Event: 37.021 Thread 0x000001cdce90ef70 Uncommon trap: reason=array_check action=maybe_recompile pc=0x000001cdb773e5a4 method=org.gradle.internal.action.InstantiatingAction.execute(Ljava/lang/Object;)V @ 121 c2
Event: 37.021 Thread 0x000001cdce90ef70 DEOPT PACKING pc=0x000001cdb773e5a4 sp=0x00000054d1cfb860
Event: 37.021 Thread 0x000001cdce90ef70 DEOPT UNPACKING pc=0x000001cdb69646a2 sp=0x00000054d1cfb6b0 mode 2
Event: 37.021 Thread 0x000001cdce90ef70 Uncommon trap: trap_request=0xffffffd6 fr.pc=0x000001cdb7741e88 relative=0x00000000000015c8
Event: 37.021 Thread 0x000001cdce90ef70 Uncommon trap: reason=array_check action=maybe_recompile pc=0x000001cdb7741e88 method=org.gradle.internal.action.InstantiatingAction.execute(Ljava/lang/Object;)V @ 121 c2
Event: 37.021 Thread 0x000001cdce90ef70 DEOPT PACKING pc=0x000001cdb7741e88 sp=0x00000054d1cfb7c0
Event: 37.021 Thread 0x000001cdce90ef70 DEOPT UNPACKING pc=0x000001cdb69646a2 sp=0x00000054d1cfb6a8 mode 2

Classes loaded (20 events):
Event: 34.562 Loading class org/w3c/dom/Comment
Event: 34.562 Loading class org/w3c/dom/Comment done
Event: 34.562 Loading class com/sun/org/apache/xerces/internal/dom/CommentImpl done
Event: 34.565 Loading class com/sun/org/apache/xerces/internal/dom/DeferredCommentImpl done
Event: 34.578 Loading class sun/nio/ch/ChannelOutputStream
Event: 34.578 Loading class sun/nio/ch/ChannelOutputStream done
Event: 36.021 Loading class java/util/concurrent/Executors$DelegatedScheduledExecutorService
Event: 36.022 Loading class java/util/concurrent/Executors$DelegatedExecutorService
Event: 36.022 Loading class java/util/concurrent/Executors$DelegatedExecutorService done
Event: 36.022 Loading class java/util/concurrent/Executors$DelegatedScheduledExecutorService done
Event: 36.027 Loading class java/lang/ProcessImpl
Event: 36.028 Loading class java/lang/ProcessImpl done
Event: 36.098 Loading class java/lang/ProcessHandleImpl
Event: 36.099 Loading class java/lang/ProcessHandleImpl done
Event: 36.100 Loading class java/lang/ProcessImpl$2
Event: 36.100 Loading class java/lang/ProcessImpl$2 done
Event: 36.100 Loading class java/lang/Process$PipeInputStream
Event: 36.100 Loading class java/lang/Process$PipeInputStream done
Event: 36.104 Loading class jdk/internal/event/ProcessStartEvent
Event: 36.104 Loading class jdk/internal/event/ProcessStartEvent done

Classes unloaded (0 events):
No events

Classes redefined (0 events):
No events

Internal exceptions (20 events):
Event: 34.066 Thread 0x000001cdce9137a0 Exception <a 'sun/nio/fs/WindowsException'{0x0000000088b0ba48}> (0x0000000088b0ba48) 
thrown [s\src\hotspot\share\prims\jni.cpp, line 535]
Event: 34.070 Thread 0x000001cdce9137a0 Exception <a 'sun/nio/fs/WindowsException'{0x0000000088b5aa50}> (0x0000000088b5aa50) 
thrown [s\src\hotspot\share\prims\jni.cpp, line 535]
Event: 34.589 Thread 0x000001cdce90f600 Exception <a 'sun/nio/fs/WindowsException'{0x000000008a2cec58}> (0x000000008a2cec58) 
thrown [s\src\hotspot\share\prims\jni.cpp, line 535]
Event: 34.597 Thread 0x000001cdce90f600 Exception <a 'java/lang/NoSuchMethodError'{0x000000008a104ee0}: 'int java.lang.invoke.DirectMethodHandle$Holder.invokeSpecial(java.lang.Object, java.lang.Object, java.lang.Object, java.lang.Object, java.lang.Object)'> (0x000000008a104ee0) 
thrown [s\src\hotspot\share\interpreter\linkResolver.cpp, line 784]
Event: 34.627 Thread 0x000001cdce90f600 Exception <a 'java/lang/NoSuchMethodError'{0x000000008a1c3b28}: static Lcom/android/build/gradle/internal/scope/InternalArtifactType;.<clinit>()V> (0x000000008a1c3b28) 
thrown [s\src\hotspot\share\prims\jni.cpp, line 1135]
Event: 34.627 Thread 0x000001cdce90f600 Exception <a 'java/lang/NoSuchMethodError'{0x000000008a1c5140}: static Lcom/android/build/gradle/internal/scope/InternalArtifactType;.<clinit>()V> (0x000000008a1c5140) 
thrown [s\src\hotspot\share\prims\jni.cpp, line 1135]
Event: 34.628 Thread 0x000001cdce90f600 Exception <a 'java/lang/NoSuchMethodError'{0x000000008a1c8938}: static Lcom/android/build/api/artifact/Artifact$Single;.<clinit>()V> (0x000000008a1c8938) 
thrown [s\src\hotspot\share\prims\jni.cpp, line 1135]
Event: 34.628 Thread 0x000001cdce90f600 Exception <a 'java/lang/NoSuchMethodError'{0x000000008a1cad40}: static Ljava/lang/Object;.<clinit>()V> (0x000000008a1cad40) 
thrown [s\src\hotspot\share\prims\jni.cpp, line 1135]
Event: 34.629 Thread 0x000001cdce90f600 Exception <a 'java/lang/NoSuchMethodError'{0x000000008a1e47d8}: static Lcom/android/build/api/artifact/ArtifactKind;.<clinit>()V> (0x000000008a1e47d8) 
thrown [s\src\hotspot\share\prims\jni.cpp, line 1135]
Event: 34.629 Thread 0x000001cdce90f600 Exception <a 'java/lang/NoSuchMethodError'{0x000000008a1e59e0}: static Lcom/android/build/api/artifact/ArtifactKind;.<clinit>()V> (0x000000008a1e59e0) 
thrown [s\src\hotspot\share\prims\jni.cpp, line 1135]
Event: 34.631 Thread 0x000001cdce90f600 Exception <a 'java/lang/NoSuchMethodError'{0x000000008a1f7498}: static Lcom/android/build/gradle/internal/scope/InternalArtifactType;.<clinit>()V> (0x000000008a1f7498) 
thrown [s\src\hotspot\share\prims\jni.cpp, line 1135]
Event: 35.607 Thread 0x000001cdce90f600 Exception <a 'java/lang/NoSuchMethodError'{0x0000000088c9e6a0}: static Lcom/android/builder/internal/aapt/AaptOptions;.<clinit>()V> (0x0000000088c9e6a0) 
thrown [s\src\hotspot\share\prims\jni.cpp, line 1135]
Event: 35.608 Thread 0x000001cdce90f600 Exception <a 'java/lang/NoSuchMethodError'{0x0000000088cb42d0}: static Ljava/lang/Object;.<clinit>()V> (0x0000000088cb42d0) 
thrown [s\src\hotspot\share\prims\jni.cpp, line 1135]
Event: 35.609 Thread 0x000001cdce90f600 Exception <a 'java/lang/NoSuchMethodError'{0x0000000088cd2e40}: static Lcom/android/build/api/variant/impl/SerializableApplicationMultiOutputHandler;.<clinit>()V> (0x0000000088cd2e40) 
thrown [s\src\hotspot\share\prims\jni.cpp, line 1135]
Event: 35.610 Thread 0x000001cdce90f600 Exception <a 'java/lang/NoSuchMethodError'{0x0000000088ce98d8}: static Lcom/android/build/api/variant/impl/VariantOutputImpl$SerializedForm;.<clinit>()V> (0x0000000088ce98d8) 
thrown [s\src\hotspot\share\prims\jni.cpp, line 1135]
Event: 35.611 Thread 0x000001cdce90f600 Exception <a 'java/lang/NoSuchMethodError'{0x0000000088cff270}: static Lcom/android/build/api/variant/impl/VariantOutputConfigurationImpl;.<clinit>()V> (0x0000000088cff270) 
thrown [s\src\hotspot\share\prims\jni.cpp, line 1135]
Event: 35.932 Thread 0x000001cdcbe22140 Exception <a 'sun/nio/fs/WindowsException'{0x000000008df76c80}> (0x000000008df76c80) 
thrown [s\src\hotspot\share\prims\jni.cpp, line 535]
Event: 35.933 Thread 0x000001cdcbe22140 Exception <a 'sun/nio/fs/WindowsException'{0x000000008df77808}> (0x000000008df77808) 
thrown [s\src\hotspot\share\prims\jni.cpp, line 535]
Event: 36.098 Thread 0x000001cdcbe22140 Exception <a 'java/lang/NoSuchMethodError'{0x000000008b80c108}: 'void java.lang.invoke.DirectMethodHandle$Holder.invokeStatic(java.lang.Object, long)'> (0x000000008b80c108) 
thrown [s\src\hotspot\share\interpreter\linkResolver.cpp, line 784]
Event: 36.099 Thread 0x000001cdcbe22140 Exception <a 'java/lang/NoSuchMethodError'{0x000000008b7b1570}: 'java.lang.Object java.lang.invoke.DirectMethodHandle$Holder.invokeStaticInit(java.lang.Object, long, java.lang.Object)'> (0x000000008b7b1570) 
thrown [s\src\hotspot\share\interpreter\linkResolver.cpp, line 784]

ZGC Phase Switch (0 events):
No events

VM Operations (20 events):
Event: 35.868 Executing VM operation: G1PauseCleanup
Event: 35.868 Executing VM operation: G1PauseCleanup done
Event: 36.010 Executing VM operation: HandshakeAllThreads (Deoptimize)
Event: 36.010 Executing VM operation: HandshakeAllThreads (Deoptimize) done
Event: 36.103 Executing VM operation: HandshakeAllThreads (Deoptimize)
Event: 36.103 Executing VM operation: HandshakeAllThreads (Deoptimize) done
Event: 36.726 Executing VM operation: G1CollectForAllocation (G1 Evacuation Pause)
Event: 36.733 Executing VM operation: G1CollectForAllocation (G1 Evacuation Pause) done
Event: 37.736 Executing VM operation: Cleanup
Event: 37.736 Executing VM operation: Cleanup done
Event: 45.811 Executing VM operation: Cleanup
Event: 45.811 Executing VM operation: Cleanup done
Event: 56.938 Executing VM operation: Cleanup
Event: 56.938 Executing VM operation: Cleanup done
Event: 60.411 Executing VM operation: HandshakeAllThreads (HandshakeForDeflation)
Event: 60.411 Executing VM operation: HandshakeAllThreads (HandshakeForDeflation) done
Event: 60.411 Executing VM operation: RendezvousGCThreads
Event: 60.411 Executing VM operation: RendezvousGCThreads done
Event: 63.442 Executing VM operation: Cleanup
Event: 63.442 Executing VM operation: Cleanup done

Memory protections (0 events):
No events

Nmethod flushes (20 events):
Event: 35.819 Thread 0x000001cdc3dc4150 flushing  nmethod 0x000001cdafc5f190
Event: 35.819 Thread 0x000001cdc3dc4150 flushing  nmethod 0x000001cdafddf190
Event: 35.819 Thread 0x000001cdc3dc4150 flushing  nmethod 0x000001cdafe36190
Event: 35.819 Thread 0x000001cdc3dc4150 flushing  nmethod 0x000001cdafe37310
Event: 35.819 Thread 0x000001cdc3dc4150 flushing  nmethod 0x000001cdafe3b410
Event: 35.819 Thread 0x000001cdc3dc4150 flushing  nmethod 0x000001cdafe3cf90
Event: 35.819 Thread 0x000001cdc3dc4150 flushing  nmethod 0x000001cdafe3d310
Event: 35.819 Thread 0x000001cdc3dc4150 flushing  nmethod 0x000001cdafeae310
Event: 35.819 Thread 0x000001cdc3dc4150 flushing  nmethod 0x000001cdafefee90
Event: 35.819 Thread 0x000001cdc3dc4150 flushing  nmethod 0x000001cdaffd5990
Event: 35.819 Thread 0x000001cdc3dc4150 flushing  nmethod 0x000001cdaffdcb90
Event: 35.819 Thread 0x000001cdc3dc4150 flushing  nmethod 0x000001cdaffdd210
Event: 35.819 Thread 0x000001cdc3dc4150 flushing  nmethod 0x000001cdb0031510
Event: 35.819 Thread 0x000001cdc3dc4150 flushing  nmethod 0x000001cdb0032810
Event: 35.819 Thread 0x000001cdc3dc4150 flushing  nmethod 0x000001cdb018d790
Event: 35.819 Thread 0x000001cdc3dc4150 flushing  nmethod 0x000001cdb02a6410
Event: 35.819 Thread 0x000001cdc3dc4150 flushing  nmethod 0x000001cdb051dd10
Event: 35.819 Thread 0x000001cdc3dc4150 flushing  nmethod 0x000001cdb056dd10
Event: 35.819 Thread 0x000001cdc3dc4150 flushing  nmethod 0x000001cdb083a390
Event: 35.819 Thread 0x000001cdc3dc4150 flushing  nmethod 0x000001cdb0842210

Events (20 events):
Event: 35.655 Thread 0x000001cdce90ef70 Thread added: 0x000001cdd5475220
Event: 35.655 Thread 0x000001cdce90ef70 Thread added: 0x000001cdd54758b0
Event: 35.656 Thread 0x000001cdce90ef70 Thread added: 0x000001cdd5472430
Event: 35.656 Thread 0x000001cdce90ef70 Thread added: 0x000001cdd5475f40
Event: 35.656 Thread 0x000001cdce90ef70 Thread added: 0x000001cdd5472ac0
Event: 35.656 Thread 0x000001cdce90ef70 Thread added: 0x000001cdd5477980
Event: 35.656 Thread 0x000001cdce90ef70 Thread added: 0x000001cdd54772f0
Event: 35.657 Thread 0x000001cdce90ef70 Thread added: 0x000001cdd54765d0
Event: 35.804 Thread 0x000001cdce90ef70 Thread added: 0x000001cdd5474500
Event: 35.804 Thread 0x000001cdce90ef70 Thread added: 0x000001cdd5478010
Event: 35.805 Thread 0x000001cdce90ef70 Thread added: 0x000001cdd5474b90
Event: 35.805 Thread 0x000001cdce90ef70 Thread added: 0x000001cdd5476c60
Event: 35.805 Thread 0x000001cdce90ef70 Thread added: 0x000001cdd5478d30
Event: 35.805 Thread 0x000001cdce90ef70 Thread added: 0x000001cdd5479a50
Event: 36.023 Thread 0x000001cdcbe22140 Thread added: 0x000001cdcb4e5b80
Event: 36.107 Thread 0x000001cdcbe22140 Thread added: 0x000001cdcb4e6210
Event: 36.107 Thread 0x000001cdcbe22140 Thread added: 0x000001cdcb4e6f30
Event: 37.077 Thread 0x000001cdc3f16f00 Thread added: 0x000001cdcc691770
Event: 38.378 Thread 0x000001cdcc691770 Thread exited: 0x000001cdcc691770
Event: 43.393 Thread 0x000001cdcda8c6f0 Thread exited: 0x000001cdcda8c6f0


Dynamic libraries:
0x00007ff748970000 - 0x00007ff74897a000 	H:\android studio\jbr\bin\java.exe
0x00007ffe0c940000 - 0x00007ffe0cba7000 	C:\WINDOWS\SYSTEM32\ntdll.dll
0x00007ffe0b960000 - 0x00007ffe0ba29000 	C:\WINDOWS\System32\KERNEL32.DLL
0x00007ffe09220000 - 0x00007ffe09611000 	C:\WINDOWS\System32\KERNELBASE.dll
0x00007ffe0a320000 - 0x00007ffe0a46b000 	C:\WINDOWS\System32\ucrtbase.dll
0x00007ffde9540000 - 0x00007ffde955b000 	H:\android studio\jbr\bin\VCRUNTIME140.dll
0x00007ffdf27b0000 - 0x00007ffdf27c8000 	H:\android studio\jbr\bin\jli.dll
0x00007ffe0b3c0000 - 0x00007ffe0b585000 	C:\WINDOWS\System32\USER32.dll
0x00007ffe0a2f0000 - 0x00007ffe0a317000 	C:\WINDOWS\System32\win32u.dll
0x00007ffe0c000000 - 0x00007ffe0c02b000 	C:\WINDOWS\System32\GDI32.dll
0x00007ffdf0550000 - 0x00007ffdf07e3000 	C:\WINDOWS\WinSxS\amd64_microsoft.windows.common-controls_6595b64144ccf1df_6.0.26100.8037_none_3e092faae333b53b\COMCTL32.dll
0x00007ffe0a5b0000 - 0x00007ffe0a6db000 	C:\WINDOWS\System32\gdi32full.dll
0x00007ffe0bbe0000 - 0x00007ffe0bc89000 	C:\WINDOWS\System32\msvcrt.dll
0x00007ffe0a500000 - 0x00007ffe0a5a3000 	C:\WINDOWS\System32\msvcp_win.dll
0x00007ffe0b380000 - 0x00007ffe0b3b1000 	C:\WINDOWS\System32\IMM32.DLL
0x00007ffde9530000 - 0x00007ffde953c000 	H:\android studio\jbr\bin\vcruntime140_1.dll
0x00007ffd48300000 - 0x00007ffd4838d000 	H:\android studio\jbr\bin\msvcp140.dll
0x00007ffd5a4c0000 - 0x00007ffd5b14a000 	H:\android studio\jbr\bin\server\jvm.dll
0x00007ffe0b8a0000 - 0x00007ffe0b95b000 	C:\WINDOWS\System32\ADVAPI32.dll
0x00007ffe0ad80000 - 0x00007ffe0ae27000 	C:\WINDOWS\System32\sechost.dll
0x00007ffe0ba30000 - 0x00007ffe0bb48000 	C:\WINDOWS\System32\RPCRT4.dll
0x00007ffe0bb60000 - 0x00007ffe0bbd4000 	C:\WINDOWS\System32\WS2_32.dll
0x00007ffe08fd0000 - 0x00007ffe0902e000 	C:\WINDOWS\SYSTEM32\POWRPROF.dll
0x00007ffdfc7c0000 - 0x00007ffdfc7f5000 	C:\WINDOWS\SYSTEM32\WINMM.dll
0x00007ffe02d90000 - 0x00007ffe02d9b000 	C:\WINDOWS\SYSTEM32\VERSION.dll
0x00007ffe08fb0000 - 0x00007ffe08fc4000 	C:\WINDOWS\SYSTEM32\UMPDC.dll
0x00007ffe07fb0000 - 0x00007ffe07fcb000 	C:\WINDOWS\SYSTEM32\kernel.appcore.dll
0x00007ffde9520000 - 0x00007ffde952a000 	H:\android studio\jbr\bin\jimage.dll
0x00007ffdfcc90000 - 0x00007ffdfced2000 	C:\WINDOWS\SYSTEM32\DBGHELP.DLL
0x00007ffe0a9c0000 - 0x00007ffe0ad42000 	C:\WINDOWS\System32\combase.dll
0x00007ffe0b780000 - 0x00007ffe0b857000 	C:\WINDOWS\System32\OLEAUT32.dll
0x00007ffde60f0000 - 0x00007ffde612b000 	C:\WINDOWS\SYSTEM32\dbgcore.DLL
0x00007ffe097a0000 - 0x00007ffe09845000 	C:\WINDOWS\System32\bcryptPrimitives.dll
0x00007ffdc4430000 - 0x00007ffdc443e000 	H:\android studio\jbr\bin\instrument.dll
0x00007ffde7f80000 - 0x00007ffde7fa0000 	H:\android studio\jbr\bin\java.dll
0x00007ffde7f60000 - 0x00007ffde7f78000 	H:\android studio\jbr\bin\zip.dll
0x00007ffe0c0a0000 - 0x00007ffe0c7ff000 	C:\WINDOWS\System32\SHELL32.dll
0x00007ffe09850000 - 0x00007ffe099ba000 	C:\WINDOWS\System32\wintypes.dll
0x00007ffe09a80000 - 0x00007ffe0a2e4000 	C:\WINDOWS\System32\windows.storage.dll
0x00007ffe0bd10000 - 0x00007ffe0be07000 	C:\WINDOWS\System32\SHCORE.dll
0x00007ffe0c030000 - 0x00007ffe0c097000 	C:\WINDOWS\System32\shlwapi.dll
0x00007ffe09140000 - 0x00007ffe09169000 	C:\WINDOWS\SYSTEM32\profapi.dll
0x00007ffde8060000 - 0x00007ffde8070000 	H:\android studio\jbr\bin\net.dll
0x00007ffe03880000 - 0x00007ffe039a7000 	C:\WINDOWS\SYSTEM32\WINHTTP.dll
0x00007ffe08520000 - 0x00007ffe0858b000 	C:\WINDOWS\system32\mswsock.dll
0x00007ffddbca0000 - 0x00007ffddbcb6000 	H:\android studio\jbr\bin\nio.dll
0x00007ffe04bd0000 - 0x00007ffe04be0000 	H:\android studio\jbr\bin\verify.dll
0x00007ffd89ef0000 - 0x00007ffd89f17000 	C:\Users\hashi\.gradle\native\c067742578af261105cb4f569cf0c3c89f3d7b1fecec35dd04571415982c5e48\windows-amd64\native-platform.dll
0x00007ffd38910000 - 0x00007ffd38a54000 	C:\Users\hashi\.gradle\native\100fb08df4bc3b14c8652ba06237920a3bd2aa13389f12d3474272988ae205f9\windows-amd64\native-platform-file-events.dll
0x00007ffdd6f30000 - 0x00007ffdd6f39000 	H:\android studio\jbr\bin\management.dll
0x00007ffdc5100000 - 0x00007ffdc510b000 	H:\android studio\jbr\bin\management_ext.dll
0x00007ffe0b860000 - 0x00007ffe0b868000 	C:\WINDOWS\System32\PSAPI.DLL
0x00007ffe08810000 - 0x00007ffe0882b000 	C:\WINDOWS\SYSTEM32\CRYPTSP.dll
0x00007ffe07f10000 - 0x00007ffe07f49000 	C:\WINDOWS\system32\rsaenh.dll
0x00007ffe085d0000 - 0x00007ffe08602000 	C:\WINDOWS\SYSTEM32\USERENV.dll
0x00007ffe09110000 - 0x00007ffe0913a000 	C:\WINDOWS\SYSTEM32\bcrypt.dll
0x00007ffe08800000 - 0x00007ffe0880c000 	C:\WINDOWS\SYSTEM32\CRYPTBASE.dll
0x00007ffe078e0000 - 0x00007ffe07913000 	C:\WINDOWS\SYSTEM32\IPHLPAPI.DLL
0x00007ffe0c8f0000 - 0x00007ffe0c8fa000 	C:\WINDOWS\System32\NSI.dll
0x00007ffddc390000 - 0x00007ffddc399000 	H:\android studio\jbr\bin\extnet.dll
0x00007ffd8a9f0000 - 0x00007ffd8a9f8000 	C:\WINDOWS\system32\wshunix.dll
0x00007ffe07a00000 - 0x00007ffe07b2a000 	C:\WINDOWS\SYSTEM32\DNSAPI.dll
0x00007ffe02a20000 - 0x00007ffe02a2b000 	C:\Windows\System32\rasadhlp.dll
0x00007ffe03030000 - 0x00007ffe030b6000 	C:\WINDOWS\System32\fwpuclnt.dll
0x00007ffde7fb0000 - 0x00007ffde7fc8000 	C:\WINDOWS\system32\napinsp.dll
0x00007ffde7d60000 - 0x00007ffde7d72000 	C:\WINDOWS\System32\winrnr.dll
0x00007ffdc6cb0000 - 0x00007ffdc6cd2000 	C:\WINDOWS\system32\nlansp_c.dll
0x00007ffddbea0000 - 0x00007ffddbeb6000 	C:\WINDOWS\system32\wshbth.dll
0x00007ffe080d0000 - 0x00007ffe08106000 	C:\WINDOWS\SYSTEM32\ntmarta.dll

dbghelp: loaded successfully - version: 4.0.5 - missing functions: none
symbol engine: initialized successfully - sym options: 0x614 - pdb path: .;H:\android studio\jbr\bin;C:\WINDOWS\SYSTEM32;C:\WINDOWS\WinSxS\amd64_microsoft.windows.common-controls_6595b64144ccf1df_6.0.26100.8037_none_3e092faae333b53b;H:\android studio\jbr\bin\server;C:\Users\hashi\.gradle\native\c067742578af261105cb4f569cf0c3c89f3d7b1fecec35dd04571415982c5e48\windows-amd64;C:\Users\hashi\.gradle\native\100fb08df4bc3b14c8652ba06237920a3bd2aa13389f12d3474272988ae205f9\windows-amd64

VM Arguments:
jvm_args: --add-opens=java.base/java.lang=ALL-UNNAMED --add-opens=java.base/java.lang.invoke=ALL-UNNAMED --add-opens=java.base/java.util=ALL-UNNAMED --add-opens=java.prefs/java.util.prefs=ALL-UNNAMED --add-exports=jdk.compiler/com.sun.tools.javac.api=ALL-UNNAMED --add-exports=jdk.compiler/com.sun.tools.javac.util=ALL-UNNAMED --add-opens=java.base/java.util=ALL-UNNAMED --add-opens=java.prefs/java.util.prefs=ALL-UNNAMED --add-opens=java.base/java.nio.charset=ALL-UNNAMED --add-opens=java.base/java.net=ALL-UNNAMED --add-opens=java.base/java.util.concurrent.atomic=ALL-UNNAMED --add-opens=java.xml/javax.xml.namespace=ALL-UNNAMED -Xmx2048m -Dfile.encoding=UTF-8 -Duser.country=US -Duser.language=en -Duser.variant -javaagent:C:\Users\hashi\.gradle\wrapper\dists\gradle-8.11.1-bin\bpt9gzteqjrbo1mjrsomdt32c\gradle-8.11.1\lib\agents\gradle-instrumentation-agent-8.11.1.jar 
java_command: org.gradle.launcher.daemon.bootstrap.GradleDaemon 8.11.1
java_class_path (initial): C:\Users\hashi\.gradle\wrapper\dists\gradle-8.11.1-bin\bpt9gzteqjrbo1mjrsomdt32c\gradle-8.11.1\lib\gradle-daemon-main-8.11.1.jar
Launcher Type: SUN_STANDARD

[Global flags]
     intx CICompilerCount                          = 4                                         {product} {ergonomic}
     uint ConcGCThreads                            = 3                                         {product} {ergonomic}
     uint G1ConcRefinementThreads                  = 10                                        {product} {ergonomic}
   size_t G1HeapRegionSize                         = 1048576                                   {product} {ergonomic}
    uintx GCDrainStackTargetSize                   = 64                                        {product} {ergonomic}
   size_t InitialHeapSize                          = 268435456                                 {product} {ergonomic}
   size_t MarkStackSize                            = 4194304                                   {product} {ergonomic}
   size_t MaxHeapSize                              = 2147483648                                {product} {command line}
   size_t MaxNewSize                               = 1287651328                                {product} {ergonomic}
   size_t MinHeapDeltaBytes                        = 1048576                                   {product} {ergonomic}
   size_t MinHeapSize                              = 8388608                                   {product} {ergonomic}
    uintx NonNMethodCodeHeapSize                   = 5839372                                {pd product} {ergonomic}
    uintx NonProfiledCodeHeapSize                  = 122909434                              {pd product} {ergonomic}
    uintx ProfiledCodeHeapSize                     = 122909434                              {pd product} {ergonomic}
    uintx ReservedCodeCacheSize                    = 251658240                              {pd product} {ergonomic}
     bool SegmentedCodeCache                       = true                                      {product} {ergonomic}
   size_t SoftMaxHeapSize                          = 2147483648                             {manageable} {ergonomic}
     bool UseCompressedOops                        = true                           {product lp64_product} {ergonomic}
     bool UseG1GC                                  = true                                      {product} {ergonomic}
     bool UseLargePagesIndividualAllocation        = false                                  {pd product} {ergonomic}

Logging:
Log output configuration:
 #0: stdout all=warning uptime,level,tags foldmultilines=false
 #1: stderr all=off uptime,level,tags foldmultilines=false

Environment Variables:
PATH=C:\WINDOWS\system32;C:\WINDOWS;C:\WINDOWS\System32\Wbem;C:\WINDOWS\System32\WindowsPowerShell\v1.0\;C:\WINDOWS\System32\OpenSSH\;C:\Program Files (x86)\NVIDIA Corporation\PhysX\Common;C:\Program Files\NVIDIA Corporation\NVIDIA App\NvDLISR;C:\Users\hashi\AppData\Local\Microsoft\WindowsApps;
USERNAME=hashi
OS=Windows_NT
PROCESSOR_IDENTIFIER=AMD64 Family 23 Model 8 Stepping 2, AuthenticAMD
TMP=C:\Users\hashi\AppData\Local\Temp
TEMP=C:\Users\hashi\AppData\Local\Temp




Periodic native trim disabled

JNI global refs:
JNI global refs: 28, weak refs: 0

JNI global refs memory usage: 835, weak refs: 201

Process memory usage:
Resident Set Size: 525832K (3% of 16703756K total physical memory with 2995260K free physical memory)

OOME stack traces (most recent first):
Classloader memory used:
Loader org.gradle.internal.classloader.VisitableURLClassLoader                         : 41772K
Loader org.gradle.internal.classloader.VisitableURLClassLoader$InstrumentingVisitableURLClassLoader: 33928K
Loader bootstrap                                                                       : 33838K
Loader org.gradle.initialization.MixInLegacyTypesClassLoader                           : 13218K
Loader jdk.internal.loader.ClassLoaders$PlatformClassLoader                            : 809K
Loader jdk.internal.reflect.DelegatingClassLoader                                      : 446K
Loader jdk.internal.loader.ClassLoaders$AppClassLoader                                 : 235K
Loader org.gradle.internal.classloader.VisitableURLClassLoader                         : 213K


[error occurred during error reporting (Classloader stats), id 0xe0000001, Out of Memory Error (s\src\hotspot\share\memory\arena.cpp:168)]
---------------  S Y S T E M  ---------------

OS:
 Windows 11 , 64 bit Build 26100 (10.0.26100.7920)
OS uptime: 0 days 1:20 hours

CPU: total 12 (initial active 12) (12 cores per cpu, 2 threads per core) family 23 model 8 stepping 2 microcode 0x800820d, cx8, cmov, fxsr, ht, mmx, 3dnowpref, sse, sse2, sse3, ssse3, sse4a, sse4.1, sse4.2, popcnt, lzcnt, tsc, tscinvbit, avx, avx2, aes, clmul, bmi1, bmi2, adx, sha, fma, vzeroupper, clflush, clflushopt, rdtscp, f16c
Processor Information for all 12 processors :
  Max Mhz: 3400, Current Mhz: 3400, Mhz Limit: 3400

Memory: 4k page, system-wide physical 16312M (2921M free)
TotalPageFile size 24533M (AvailPageFile size 2M)
current process WorkingSet (physical memory assigned to process): 515M, peak: 542M
current process commit charge ("private bytes"): 559M, peak: 580M

vm_info: OpenJDK 64-Bit Server VM (21.0.5+-13047016-b750.29) for windows-amd64 JRE (21.0.5+-13047016-b750.29), built on 2025-02-11T21:12:39Z by "builder" with MS VC++ 16.10 / 16.11 (VS2019)

END.
