#
# There is insufficient memory for the Java Runtime Environment to continue.
# Native memory allocation (mmap) failed to map 101711872 bytes. Error detail: G1 virtual space
# Possible reasons:
#   The system is out of physical RAM or swap space
#   This process is running with CompressedOops enabled, and the Java Heap may be blocking the growth of the native heap
# Possible solutions:
#   Reduce memory load on the system
#   Increase physical memory or swap space
#   Check if swap backing store is full
#   Decrease Java heap size (-Xmx/-Xms)
#   Decrease number of Java threads
#   Decrease Java thread stack sizes (-Xss)
#   Set larger code cache with -XX:ReservedCodeCacheSize=
#   JVM is running with Unscaled Compressed Oops mode in which the Java heap is
#     placed in the first 4GB address space. The Java Heap base address is the
#     maximum limit for the native heap growth. Please use -XX:HeapBaseMinAddress
#     to set the Java Heap base and to place the Java Heap above 4GB virtual address.
# This output file may be truncated or incomplete.
#
#  Out of Memory Error (os_windows.cpp:3828), pid=2532, tid=9292
#
# JRE version: OpenJDK Runtime Environment (21.0.5) (build 21.0.5+-13047016-b750.29)
# Java VM: OpenJDK 64-Bit Server VM (21.0.5+-13047016-b750.29, mixed mode, tiered, compressed oops, compressed class ptrs, g1 gc, windows-amd64)
# No core dump will be written. Minidumps are not enabled by default on client versions of Windows
#

---------------  S U M M A R Y ------------

Command Line: --add-opens=java.base/java.lang=ALL-UNNAMED --add-opens=java.base/java.lang.invoke=ALL-UNNAMED --add-opens=java.base/java.util=ALL-UNNAMED --add-opens=java.prefs/java.util.prefs=ALL-UNNAMED --add-exports=jdk.compiler/com.sun.tools.javac.api=ALL-UNNAMED --add-exports=jdk.compiler/com.sun.tools.javac.util=ALL-UNNAMED --add-opens=java.base/java.util=ALL-UNNAMED --add-opens=java.prefs/java.util.prefs=ALL-UNNAMED --add-opens=java.base/java.nio.charset=ALL-UNNAMED --add-opens=java.base/java.net=ALL-UNNAMED --add-opens=java.base/java.util.concurrent.atomic=ALL-UNNAMED --add-opens=java.xml/javax.xml.namespace=ALL-UNNAMED -Xmx2048m -Dfile.encoding=UTF-8 -Duser.country=US -Duser.language=en -Duser.variant -javaagent:C:\Users\hashi\.gradle\wrapper\dists\gradle-8.11.1-bin\bpt9gzteqjrbo1mjrsomdt32c\gradle-8.11.1\lib\agents\gradle-instrumentation-agent-8.11.1.jar org.gradle.launcher.daemon.bootstrap.GradleDaemon 8.11.1

Host: AMD Ryzen 5 2600 Six-Core Processor            , 12 cores, 15G,  Windows 11 , 64 bit Build 26100 (10.0.26100.7920)
Time: Sat Mar 28 12:03:00 2026 Pakistan Standard Time elapsed time: 13.621192 seconds (0d 0h 0m 13s)

---------------  T H R E A D  ---------------

Current thread (0x000001aaa49ee8e0):  VMThread "VM Thread"          [id=9292, stack(0x000000a737b00000,0x000000a737c00000) (1024K)]

Stack: [0x000000a737b00000,0x000000a737c00000]
Native frames: (J=compiled Java code, j=interpreted, Vv=VM code, C=native code)
V  [jvm.dll+0x6cfb29]
V  [jvm.dll+0x85df93]
V  [jvm.dll+0x8604ee]
V  [jvm.dll+0x860bd3]
V  [jvm.dll+0x27e6b6]
V  [jvm.dll+0x6cc385]
V  [jvm.dll+0x6c078a]
V  [jvm.dll+0x35525b]
V  [jvm.dll+0x35ceb6]
V  [jvm.dll+0x3aedd6]
V  [jvm.dll+0x3af0a8]
V  [jvm.dll+0x32792c]
V  [jvm.dll+0x3279b7]
V  [jvm.dll+0x36d80c]
V  [jvm.dll+0x36bfbe]
V  [jvm.dll+0x327081]
V  [jvm.dll+0x36b6d0]
V  [jvm.dll+0x866958]
V  [jvm.dll+0x867cd4]
V  [jvm.dll+0x868210]
V  [jvm.dll+0x8684a3]
V  [jvm.dll+0x806368]
V  [jvm.dll+0x6ce3fd]
C  [ucrtbase.dll+0x37b0]
C  [KERNEL32.DLL+0x2e8d7]
C  [ntdll.dll+0x8c48c]

VM_Operation (0x000000a7421f9860): G1CollectForAllocation, mode: safepoint, requested by thread 0x000001aaabeed510


---------------  P R O C E S S  ---------------

Threads class SMR info:
_java_thread_list=0x000001aab126a810, length=165, elements={
0x000001aa8cef94c0, 0x000001aaa4b1d190, 0x000001aaa4b4cee0, 0x000001aaa4b4d670,
0x000001aaa4b4dcd0, 0x000001aaa4b4e330, 0x000001aaa4b4eac0, 0x000001aaa4b68530,
0x000001aaa4b912d0, 0x000001aaa49dc6e0, 0x000001aaa4e4d400, 0x000001aaa4b92070,
0x000001aaaa8f0e10, 0x000001aaaa8f3570, 0x000001aaaa8f2ee0, 0x000001aaaa8f1b30,
0x000001aaaa8f2850, 0x000001aaaa8f00f0, 0x000001aaaa8f0780, 0x000001aaaa8f14a0,
0x000001aaaa8f21c0, 0x000001aaaac7fc40, 0x000001aaaac7e200, 0x000001aaaac7f5b0,
0x000001aaaac802d0, 0x000001aaaac7d4e0, 0x000001aaaac7ce50, 0x000001aaaac7ef20,
0x000001aaaac80960, 0x000001aaaac80ff0, 0x000001aaaac7db70, 0x000001aaaac81680,
0x000001aaaac81d10, 0x000001aaaf54aa00, 0x000001aaaf54d160, 0x000001aaaf54d7f0,
0x000001aaaf54e510, 0x000001aaaf54c440, 0x000001aaaf54b090, 0x000001aaaf54f8c0,
0x000001aaaf54f230, 0x000001aaaf54eba0, 0x000001aaaf54ff50, 0x000001aaaf5505e0,
0x000001aaaf550c70, 0x000001aaaf551300, 0x000001aaaf551990, 0x000001aaaf552020,
0x000001aaae7bfea0, 0x000001aaae7c1f70, 0x000001aaae7c0bc0, 0x000001aaae7bf810,
0x000001aaae7c0530, 0x000001aaae7c1250, 0x000001aaae7c18e0, 0x000001aaae7c2600,
0x000001aaae7bf180, 0x000001aaae7c5a80, 0x000001aaae7c39b0, 0x000001aaae7c3320,
0x000001aaae7c4040, 0x000001aaae7c6110, 0x000001aaae7c46d0, 0x000001aaae7c2c90,
0x000001aaae7c67a0, 0x000001aaae7c4d60, 0x000001aaac882c70, 0x000001aaac8818c0,
0x000001aaac8825e0, 0x000001aaafb03440, 0x000001aaac8874a0, 0x000001aaac884020,
0x000001aab033a590, 0x000001aab033bfd0, 0x000001aab0338b50, 0x000001aab033c660,
0x000001aab03391e0, 0x000001aab033ccf0, 0x000001aab033d380, 0x000001aab033da10,
0x000001aab033e0a0, 0x000001aab033ac20, 0x000001aab033e730, 0x000001aaa93c85f0,
0x000001aaa93c9310, 0x000001aaa93c6520, 0x000001aaa93c7240, 0x000001aaa93c6bb0,
0x000001aaa93c8c80, 0x000001aaa93c5e90, 0x000001aaa93cad50, 0x000001aaa93c99a0,
0x000001aaa93ca030, 0x000001aaa93ca6c0, 0x000001aaa93c78d0, 0x000001aaabeefc70,
0x000001aaabef1020, 0x000001aaabef1d40, 0x000001aab00a8a10, 0x000001aab00a6940,
0x000001aab00a7660, 0x000001aab00a5590, 0x000001aab00a6fd0, 0x000001aab00a5c20,
0x000001aab00a7cf0, 0x000001aab00a90a0, 0x000001aab00a9730, 0x000001aab00a62b0,
0x000001aab00a9dc0, 0x000001aab00ab170, 0x000001aab00aa450, 0x000001aab00a8380,
0x000001aab00aaae0, 0x000001aab00abe90, 0x000001aab00ab800, 0x000001aab00ac520,
0x000001aab00acbb0, 0x000001aab0dc0e90, 0x000001aab0dbfae0, 0x000001aab0dbedc0,
0x000001aab0dbe730, 0x000001aab0dbf450, 0x000001aab0dbe0a0, 0x000001aab0dc0800,
0x000001aab0dbda10, 0x000001aab0dc35f0, 0x000001aab0dc28d0, 0x000001aab0dc1bb0,
0x000001aab0dc2240, 0x000001aab0dc0170, 0x000001aab0dc4310, 0x000001aab0dc2f60,
0x000001aab0dc3c80, 0x000001aab0dc49a0, 0x000001aab0dc1520, 0x000001aab0dc84b0,
0x000001aab0dc5d50, 0x000001aab0dc7e20, 0x000001aab0dc63e0, 0x000001aab0dc5030,
0x000001aab0dc6a70, 0x000001aab0dc8b40, 0x000001aab0dc56c0, 0x000001aab0dc91d0,
0x000001aab0dc9860, 0x000001aab0dc7790, 0x000001aab0dc9ef0, 0x000001aab0dca580,
0x000001aab0dc7100, 0x000001aab0dcac10, 0x000001aab0dcc650, 0x000001aab0dcb2a0,
0x000001aab0dcb930, 0x000001aab0dcbfc0, 0x000001aab0dccce0, 0x000001aaabeed510,
0x000001aaabeedba0, 0x000001aaabeee230, 0x000001aaabeeadb0, 0x000001aaabeec7f0,
0x000001aaabeec160, 0x000001aaabeee8c0, 0x000001aaabeeb440, 0x000001aaabeeef50,
0x000001aaabeebad0
}

Java Threads: ( => current thread )
  0x000001aa8cef94c0 JavaThread "main"                              [_thread_blocked, id=9404, stack(0x000000a737400000,0x000000a737500000) (1024K)]
  0x000001aaa4b1d190 JavaThread "Reference Handler"          daemon [_thread_blocked, id=10888, stack(0x000000a737c00000,0x000000a737d00000) (1024K)]
  0x000001aaa4b4cee0 JavaThread "Finalizer"                  daemon [_thread_blocked, id=12728, stack(0x000000a737d00000,0x000000a737e00000) (1024K)]
  0x000001aaa4b4d670 JavaThread "Signal Dispatcher"          daemon [_thread_blocked, id=17336, stack(0x000000a737e00000,0x000000a737f00000) (1024K)]
  0x000001aaa4b4dcd0 JavaThread "Attach Listener"            daemon [_thread_blocked, id=12976, stack(0x000000a737f00000,0x000000a738000000) (1024K)]
  0x000001aaa4b4e330 JavaThread "Service Thread"             daemon [_thread_blocked, id=8552, stack(0x000000a738000000,0x000000a738100000) (1024K)]
  0x000001aaa4b4eac0 JavaThread "Monitor Deflation Thread"   daemon [_thread_blocked, id=19292, stack(0x000000a738100000,0x000000a738200000) (1024K)]
  0x000001aaa4b68530 JavaThread "C2 CompilerThread0"         daemon [_thread_blocked, id=7108, stack(0x000000a738200000,0x000000a738300000) (1024K)]
  0x000001aaa4b912d0 JavaThread "C1 CompilerThread0"         daemon [_thread_blocked, id=16724, stack(0x000000a738300000,0x000000a738400000) (1024K)]
  0x000001aaa49dc6e0 JavaThread "Common-Cleaner"             daemon [_thread_blocked, id=3548, stack(0x000000a738400000,0x000000a738500000) (1024K)]
  0x000001aaa4e4d400 JavaThread "Notification Thread"        daemon [_thread_blocked, id=2148, stack(0x000000a738500000,0x000000a738600000) (1024K)]
  0x000001aaa4b92070 JavaThread "C2 CompilerThread1"         daemon [_thread_blocked, id=14064, stack(0x000000a738600000,0x000000a738700000) (1024K)]
  0x000001aaaa8f0e10 JavaThread "Daemon health stats"               [_thread_blocked, id=17344, stack(0x000000a738d00000,0x000000a738e00000) (1024K)]
  0x000001aaaa8f3570 JavaThread "Incoming local TCP Connector on port 59098"        [_thread_in_native, id=5536, stack(0x000000a738e00000,0x000000a738f00000) (1024K)]
  0x000001aaaa8f2ee0 JavaThread "Daemon periodic checks"            [_thread_blocked, id=13516, stack(0x000000a738f00000,0x000000a739000000) (1024K)]
  0x000001aaaa8f1b30 JavaThread "Daemon"                            [_thread_blocked, id=16900, stack(0x000000a739000000,0x000000a739100000) (1024K)]
  0x000001aaaa8f2850 JavaThread "Handler for socket connection from /127.0.0.1:59098 to /127.0.0.1:59099"        [_thread_in_native, id=9952, stack(0x000000a739100000,0x000000a739200000) (1024K)]
  0x000001aaaa8f00f0 JavaThread "Cancel handler"                    [_thread_blocked, id=14836, stack(0x000000a739200000,0x000000a739300000) (1024K)]
  0x000001aaaa8f0780 JavaThread "Daemon worker"                     [_thread_blocked, id=4812, stack(0x000000a739300000,0x000000a739400000) (1024K)]
  0x000001aaaa8f14a0 JavaThread "Asynchronous log dispatcher for DefaultDaemonConnection: socket connection from /127.0.0.1:59098 to /127.0.0.1:59099"        [_thread_blocked, id=2264, stack(0x000000a739400000,0x000000a739500000) (1024K)]
  0x000001aaaa8f21c0 JavaThread "Stdin handler"                     [_thread_blocked, id=17572, stack(0x000000a739500000,0x000000a739600000) (1024K)]
  0x000001aaaac7fc40 JavaThread "Daemon client event forwarder"        [_thread_blocked, id=7688, stack(0x000000a739600000,0x000000a739700000) (1024K)]
  0x000001aaaac7e200 JavaThread "Cache worker for journal cache (C:\Users\hashi\.gradle\caches\journal-1)"        [_thread_blocked, id=15492, stack(0x000000a739c00000,0x000000a739d00000) (1024K)]
  0x000001aaaac7f5b0 JavaThread "File lock request listener"        [_thread_in_native, id=12896, stack(0x000000a739d00000,0x000000a739e00000) (1024K)]
  0x000001aaaac802d0 JavaThread "Cache worker for file hash cache (C:\Users\hashi\.gradle\caches\8.11.1\fileHashes)"        [_thread_blocked, id=17412, stack(0x000000a739e00000,0x000000a739f00000) (1024K)]
  0x000001aaaac7d4e0 JavaThread "Cache worker for file content cache (C:\Users\hashi\.gradle\caches\8.11.1\fileContent)"        [_thread_blocked, id=16576, stack(0x000000a73a000000,0x000000a73a100000) (1024K)]
  0x000001aaaac7ce50 JavaThread "Cache worker for file hash cache (D:\QuickApply\.gradle\8.11.1\fileHashes)"        [_thread_blocked, id=5024, stack(0x000000a73a100000,0x000000a73a200000) (1024K)]
  0x000001aaaac7ef20 JavaThread "Cache worker for Build Output Cleanup Cache (D:\QuickApply\.gradle\buildOutputCleanup)"        [_thread_blocked, id=11156, stack(0x000000a73a200000,0x000000a73a300000) (1024K)]
  0x000001aaaac80960 JavaThread "File watcher server"        daemon [_thread_blocked, id=676, stack(0x000000a73a300000,0x000000a73a400000) (1024K)]
  0x000001aaaac80ff0 JavaThread "File watcher consumer"      daemon [_thread_blocked, id=18612, stack(0x000000a73a400000,0x000000a73a500000) (1024K)]
  0x000001aaaac7db70 JavaThread "Cache worker for checksums cache (D:\QuickApply\.gradle\8.11.1\checksums)"        [_thread_blocked, id=18300, stack(0x000000a73a500000,0x000000a73a600000) (1024K)]
  0x000001aaaac81680 JavaThread "Cache worker for cache directory md-rule (C:\Users\hashi\.gradle\caches\8.11.1\md-rule)"        [_thread_blocked, id=9040, stack(0x000000a73a600000,0x000000a73a700000) (1024K)]
  0x000001aaaac81d10 JavaThread "Cache worker for cache directory md-supplier (C:\Users\hashi\.gradle\caches\8.11.1\md-supplier)"        [_thread_blocked, id=1476, stack(0x000000a73a700000,0x000000a73a800000) (1024K)]
  0x000001aaaf54aa00 JavaThread "Unconstrained build operations"        [_thread_blocked, id=1468, stack(0x000000a739f00000,0x000000a73a000000) (1024K)]
  0x000001aaaf54d160 JavaThread "Unconstrained build operations Thread 2"        [_thread_blocked, id=11912, stack(0x000000a73a800000,0x000000a73a900000) (1024K)]
  0x000001aaaf54d7f0 JavaThread "Unconstrained build operations Thread 3"        [_thread_blocked, id=1984, stack(0x000000a73a900000,0x000000a73aa00000) (1024K)]
  0x000001aaaf54e510 JavaThread "Unconstrained build operations Thread 4"        [_thread_blocked, id=15148, stack(0x000000a73aa00000,0x000000a73ab00000) (1024K)]
  0x000001aaaf54c440 JavaThread "Unconstrained build operations Thread 5"        [_thread_blocked, id=17288, stack(0x000000a73ab00000,0x000000a73ac00000) (1024K)]
  0x000001aaaf54b090 JavaThread "Unconstrained build operations Thread 6"        [_thread_blocked, id=17176, stack(0x000000a73ac00000,0x000000a73ad00000) (1024K)]
  0x000001aaaf54f8c0 JavaThread "Unconstrained build operations Thread 7"        [_thread_blocked, id=9752, stack(0x000000a73ad00000,0x000000a73ae00000) (1024K)]
  0x000001aaaf54f230 JavaThread "Unconstrained build operations Thread 8"        [_thread_blocked, id=1868, stack(0x000000a73ae00000,0x000000a73af00000) (1024K)]
  0x000001aaaf54eba0 JavaThread "Unconstrained build operations Thread 9"        [_thread_blocked, id=10528, stack(0x000000a73af00000,0x000000a73b000000) (1024K)]
  0x000001aaaf54ff50 JavaThread "Unconstrained build operations Thread 10"        [_thread_blocked, id=13752, stack(0x000000a73b000000,0x000000a73b100000) (1024K)]
  0x000001aaaf5505e0 JavaThread "Unconstrained build operations Thread 11"        [_thread_blocked, id=7588, stack(0x000000a73b100000,0x000000a73b200000) (1024K)]
  0x000001aaaf550c70 JavaThread "Unconstrained build operations Thread 12"        [_thread_blocked, id=352, stack(0x000000a73b200000,0x000000a73b300000) (1024K)]
  0x000001aaaf551300 JavaThread "Unconstrained build operations Thread 13"        [_thread_blocked, id=18036, stack(0x000000a73b300000,0x000000a73b400000) (1024K)]
  0x000001aaaf551990 JavaThread "Unconstrained build operations Thread 14"        [_thread_blocked, id=17152, stack(0x000000a73b400000,0x000000a73b500000) (1024K)]
  0x000001aaaf552020 JavaThread "Unconstrained build operations Thread 15"        [_thread_blocked, id=13884, stack(0x000000a73b500000,0x000000a73b600000) (1024K)]
  0x000001aaae7bfea0 JavaThread "Unconstrained build operations Thread 16"        [_thread_blocked, id=16904, stack(0x000000a73b600000,0x000000a73b700000) (1024K)]
  0x000001aaae7c1f70 JavaThread "Unconstrained build operations Thread 17"        [_thread_blocked, id=18944, stack(0x000000a73b700000,0x000000a73b800000) (1024K)]
  0x000001aaae7c0bc0 JavaThread "Unconstrained build operations Thread 18"        [_thread_blocked, id=12316, stack(0x000000a73b800000,0x000000a73b900000) (1024K)]
  0x000001aaae7bf810 JavaThread "Unconstrained build operations Thread 19"        [_thread_blocked, id=16796, stack(0x000000a73b900000,0x000000a73ba00000) (1024K)]
  0x000001aaae7c0530 JavaThread "Unconstrained build operations Thread 20"        [_thread_blocked, id=7112, stack(0x000000a73ba00000,0x000000a73bb00000) (1024K)]
  0x000001aaae7c1250 JavaThread "Unconstrained build operations Thread 21"        [_thread_blocked, id=5932, stack(0x000000a73bb00000,0x000000a73bc00000) (1024K)]
  0x000001aaae7c18e0 JavaThread "Unconstrained build operations Thread 22"        [_thread_blocked, id=17400, stack(0x000000a73bc00000,0x000000a73bd00000) (1024K)]
  0x000001aaae7c2600 JavaThread "Unconstrained build operations Thread 23"        [_thread_blocked, id=18684, stack(0x000000a73be00000,0x000000a73bf00000) (1024K)]
  0x000001aaae7bf180 JavaThread "Unconstrained build operations Thread 24"        [_thread_blocked, id=4472, stack(0x000000a73bf00000,0x000000a73c000000) (1024K)]
  0x000001aaae7c5a80 JavaThread "Unconstrained build operations Thread 25"        [_thread_blocked, id=19016, stack(0x000000a73c000000,0x000000a73c100000) (1024K)]
  0x000001aaae7c39b0 JavaThread "Unconstrained build operations Thread 26"        [_thread_blocked, id=2376, stack(0x000000a73c100000,0x000000a73c200000) (1024K)]
  0x000001aaae7c3320 JavaThread "Unconstrained build operations Thread 27"        [_thread_blocked, id=8024, stack(0x000000a73c200000,0x000000a73c300000) (1024K)]
  0x000001aaae7c4040 JavaThread "Unconstrained build operations Thread 28"        [_thread_blocked, id=17764, stack(0x000000a73c300000,0x000000a73c400000) (1024K)]
  0x000001aaae7c6110 JavaThread "Unconstrained build operations Thread 29"        [_thread_blocked, id=18276, stack(0x000000a73c400000,0x000000a73c500000) (1024K)]
  0x000001aaae7c46d0 JavaThread "Unconstrained build operations Thread 30"        [_thread_blocked, id=10480, stack(0x000000a73c500000,0x000000a73c600000) (1024K)]
  0x000001aaae7c2c90 JavaThread "Unconstrained build operations Thread 31"        [_thread_blocked, id=10436, stack(0x000000a73c600000,0x000000a73c700000) (1024K)]
  0x000001aaae7c67a0 JavaThread "Unconstrained build operations Thread 32"        [_thread_blocked, id=2692, stack(0x000000a73c700000,0x000000a73c800000) (1024K)]
  0x000001aaae7c4d60 JavaThread "Unconstrained build operations Thread 33"        [_thread_blocked, id=11312, stack(0x000000a73c800000,0x000000a73c900000) (1024K)]
  0x000001aaac882c70 JavaThread "build event listener"              [_thread_blocked, id=16272, stack(0x000000a73c900000,0x000000a73ca00000) (1024K)]
  0x000001aaac8818c0 JavaThread "Memory manager"                    [_thread_blocked, id=9808, stack(0x000000a73ca00000,0x000000a73cb00000) (1024K)]
  0x000001aaac8825e0 JavaThread "build event listener"              [_thread_blocked, id=13388, stack(0x000000a73cb00000,0x000000a73cc00000) (1024K)]
  0x000001aaafb03440 JavaThread "C2 CompilerThread2"         daemon [_thread_blocked, id=13008, stack(0x000000a73bd00000,0x000000a73be00000) (1024K)]
  0x000001aaac8874a0 JavaThread "included builds"                   [_thread_blocked, id=5212, stack(0x000000a73cc00000,0x000000a73cd00000) (1024K)]
  0x000001aaac884020 JavaThread "Execution worker"                  [_thread_blocked, id=10064, stack(0x000000a73cd00000,0x000000a73ce00000) (1024K)]
  0x000001aab033a590 JavaThread "Execution worker Thread 2"         [_thread_blocked, id=16296, stack(0x000000a73ce00000,0x000000a73cf00000) (1024K)]
  0x000001aab033bfd0 JavaThread "Execution worker Thread 3"         [_thread_blocked, id=15088, stack(0x000000a73cf00000,0x000000a73d000000) (1024K)]
  0x000001aab0338b50 JavaThread "Execution worker Thread 4"         [_thread_blocked, id=10512, stack(0x000000a73d000000,0x000000a73d100000) (1024K)]
  0x000001aab033c660 JavaThread "Execution worker Thread 5"         [_thread_blocked, id=19116, stack(0x000000a73d100000,0x000000a73d200000) (1024K)]
  0x000001aab03391e0 JavaThread "Execution worker Thread 6"         [_thread_blocked, id=12820, stack(0x000000a73d200000,0x000000a73d300000) (1024K)]
  0x000001aab033ccf0 JavaThread "Execution worker Thread 7"         [_thread_blocked, id=1392, stack(0x000000a73d300000,0x000000a73d400000) (1024K)]
  0x000001aab033d380 JavaThread "Execution worker Thread 8"         [_thread_blocked, id=13156, stack(0x000000a73d400000,0x000000a73d500000) (1024K)]
  0x000001aab033da10 JavaThread "Execution worker Thread 9"         [_thread_blocked, id=12980, stack(0x000000a73d500000,0x000000a73d600000) (1024K)]
  0x000001aab033e0a0 JavaThread "Execution worker Thread 10"        [_thread_blocked, id=12788, stack(0x000000a73d600000,0x000000a73d700000) (1024K)]
  0x000001aab033ac20 JavaThread "Execution worker Thread 11"        [_thread_blocked, id=12432, stack(0x000000a73d700000,0x000000a73d800000) (1024K)]
  0x000001aab033e730 JavaThread "Cache worker for execution history cache (D:\QuickApply\.gradle\8.11.1\executionHistory)"        [_thread_blocked, id=17324, stack(0x000000a73d800000,0x000000a73d900000) (1024K)]
  0x000001aaa93c85f0 JavaThread "Unconstrained build operations Thread 34"        [_thread_blocked, id=8228, stack(0x000000a73d900000,0x000000a73da00000) (1024K)]
  0x000001aaa93c9310 JavaThread "Unconstrained build operations Thread 35"        [_thread_blocked, id=9532, stack(0x000000a73da00000,0x000000a73db00000) (1024K)]
  0x000001aaa93c6520 JavaThread "Unconstrained build operations Thread 36"        [_thread_blocked, id=16932, stack(0x000000a73db00000,0x000000a73dc00000) (1024K)]
  0x000001aaa93c7240 JavaThread "Unconstrained build operations Thread 37"        [_thread_blocked, id=17244, stack(0x000000a73dc00000,0x000000a73dd00000) (1024K)]
  0x000001aaa93c6bb0 JavaThread "Unconstrained build operations Thread 38"        [_thread_blocked, id=9716, stack(0x000000a73dd00000,0x000000a73de00000) (1024K)]
  0x000001aaa93c8c80 JavaThread "Unconstrained build operations Thread 39"        [_thread_blocked, id=9844, stack(0x000000a73de00000,0x000000a73df00000) (1024K)]
  0x000001aaa93c5e90 JavaThread "Unconstrained build operations Thread 40"        [_thread_blocked, id=19252, stack(0x000000a73df00000,0x000000a73e000000) (1024K)]
  0x000001aaa93cad50 JavaThread "Unconstrained build operations Thread 41"        [_thread_blocked, id=10232, stack(0x000000a73e000000,0x000000a73e100000) (1024K)]
  0x000001aaa93c99a0 JavaThread "Unconstrained build operations Thread 42"        [_thread_blocked, id=9140, stack(0x000000a73e100000,0x000000a73e200000) (1024K)]
  0x000001aaa93ca030 JavaThread "Unconstrained build operations Thread 43"        [_thread_blocked, id=16624, stack(0x000000a73e200000,0x000000a73e300000) (1024K)]
  0x000001aaa93ca6c0 JavaThread "Unconstrained build operations Thread 44"        [_thread_blocked, id=8432, stack(0x000000a73e300000,0x000000a73e400000) (1024K)]
  0x000001aaa93c78d0 JavaThread "WorkerExecutor Queue"              [_thread_blocked, id=18828, stack(0x000000a73e400000,0x000000a73e500000) (1024K)]
  0x000001aaabeefc70 JavaThread "Unconstrained build operations Thread 45"        [_thread_blocked, id=19040, stack(0x000000a73e500000,0x000000a73e600000) (1024K)]
  0x000001aaabef1020 JavaThread "Unconstrained build operations Thread 46"        [_thread_blocked, id=13352, stack(0x000000a73e600000,0x000000a73e700000) (1024K)]
  0x000001aaabef1d40 JavaThread "Unconstrained build operations Thread 47"        [_thread_blocked, id=14652, stack(0x000000a73e700000,0x000000a73e800000) (1024K)]
  0x000001aab00a8a10 JavaThread "Unconstrained build operations Thread 48"        [_thread_blocked, id=2540, stack(0x000000a73e800000,0x000000a73e900000) (1024K)]
  0x000001aab00a6940 JavaThread "Unconstrained build operations Thread 49"        [_thread_blocked, id=7096, stack(0x000000a73e900000,0x000000a73ea00000) (1024K)]
  0x000001aab00a7660 JavaThread "Unconstrained build operations Thread 50"        [_thread_blocked, id=2900, stack(0x000000a73ea00000,0x000000a73eb00000) (1024K)]
  0x000001aab00a5590 JavaThread "Unconstrained build operations Thread 51"        [_thread_blocked, id=5532, stack(0x000000a73eb00000,0x000000a73ec00000) (1024K)]
  0x000001aab00a6fd0 JavaThread "Unconstrained build operations Thread 52"        [_thread_blocked, id=17112, stack(0x000000a73ec00000,0x000000a73ed00000) (1024K)]
  0x000001aab00a5c20 JavaThread "Unconstrained build operations Thread 53"        [_thread_blocked, id=18164, stack(0x000000a73ed00000,0x000000a73ee00000) (1024K)]
  0x000001aab00a7cf0 JavaThread "Unconstrained build operations Thread 54"        [_thread_blocked, id=13632, stack(0x000000a73ee00000,0x000000a73ef00000) (1024K)]
  0x000001aab00a90a0 JavaThread "Unconstrained build operations Thread 55"        [_thread_blocked, id=4872, stack(0x000000a73ef00000,0x000000a73f000000) (1024K)]
  0x000001aab00a9730 JavaThread "Unconstrained build operations Thread 56"        [_thread_blocked, id=13716, stack(0x000000a73f000000,0x000000a73f100000) (1024K)]
  0x000001aab00a62b0 JavaThread "Unconstrained build operations Thread 57"        [_thread_blocked, id=17932, stack(0x000000a73f100000,0x000000a73f200000) (1024K)]
  0x000001aab00a9dc0 JavaThread "Unconstrained build operations Thread 58"        [_thread_blocked, id=17664, stack(0x000000a73f200000,0x000000a73f300000) (1024K)]
  0x000001aab00ab170 JavaThread "Unconstrained build operations Thread 59"        [_thread_blocked, id=16608, stack(0x000000a73f300000,0x000000a73f400000) (1024K)]
  0x000001aab00aa450 JavaThread "Unconstrained build operations Thread 60"        [_thread_blocked, id=13544, stack(0x000000a73f400000,0x000000a73f500000) (1024K)]
  0x000001aab00a8380 JavaThread "Unconstrained build operations Thread 61"        [_thread_blocked, id=8800, stack(0x000000a73f500000,0x000000a73f600000) (1024K)]
  0x000001aab00aaae0 JavaThread "Unconstrained build operations Thread 62"        [_thread_blocked, id=2232, stack(0x000000a73f600000,0x000000a73f700000) (1024K)]
  0x000001aab00abe90 JavaThread "Unconstrained build operations Thread 63"        [_thread_blocked, id=17120, stack(0x000000a73f700000,0x000000a73f800000) (1024K)]
  0x000001aab00ab800 JavaThread "Unconstrained build operations Thread 64"        [_thread_blocked, id=12484, stack(0x000000a73f800000,0x000000a73f900000) (1024K)]
  0x000001aab00ac520 JavaThread "Unconstrained build operations Thread 65"        [_thread_blocked, id=5888, stack(0x000000a73f900000,0x000000a73fa00000) (1024K)]
  0x000001aab00acbb0 JavaThread "Unconstrained build operations Thread 66"        [_thread_blocked, id=17424, stack(0x000000a73fa00000,0x000000a73fb00000) (1024K)]
  0x000001aab0dc0e90 JavaThread "Unconstrained build operations Thread 67"        [_thread_blocked, id=14688, stack(0x000000a73fb00000,0x000000a73fc00000) (1024K)]
  0x000001aab0dbfae0 JavaThread "Unconstrained build operations Thread 68"        [_thread_blocked, id=10656, stack(0x000000a73fc00000,0x000000a73fd00000) (1024K)]
  0x000001aab0dbedc0 JavaThread "Unconstrained build operations Thread 69"        [_thread_blocked, id=2436, stack(0x000000a73fd00000,0x000000a73fe00000) (1024K)]
  0x000001aab0dbe730 JavaThread "Unconstrained build operations Thread 70"        [_thread_blocked, id=19088, stack(0x000000a73fe00000,0x000000a73ff00000) (1024K)]
  0x000001aab0dbf450 JavaThread "Unconstrained build operations Thread 71"        [_thread_blocked, id=16392, stack(0x000000a73ff00000,0x000000a740000000) (1024K)]
  0x000001aab0dbe0a0 JavaThread "Unconstrained build operations Thread 72"        [_thread_blocked, id=15044, stack(0x000000a740000000,0x000000a740100000) (1024K)]
  0x000001aab0dc0800 JavaThread "Unconstrained build operations Thread 73"        [_thread_blocked, id=7684, stack(0x000000a740100000,0x000000a740200000) (1024K)]
  0x000001aab0dbda10 JavaThread "Unconstrained build operations Thread 74"        [_thread_blocked, id=12076, stack(0x000000a740200000,0x000000a740300000) (1024K)]
  0x000001aab0dc35f0 JavaThread "Unconstrained build operations Thread 75"        [_thread_blocked, id=18268, stack(0x000000a740300000,0x000000a740400000) (1024K)]
  0x000001aab0dc28d0 JavaThread "Unconstrained build operations Thread 76"        [_thread_blocked, id=17828, stack(0x000000a740400000,0x000000a740500000) (1024K)]
  0x000001aab0dc1bb0 JavaThread "Unconstrained build operations Thread 77"        [_thread_blocked, id=12156, stack(0x000000a740500000,0x000000a740600000) (1024K)]
  0x000001aab0dc2240 JavaThread "Unconstrained build operations Thread 78"        [_thread_blocked, id=7752, stack(0x000000a740600000,0x000000a740700000) (1024K)]
  0x000001aab0dc0170 JavaThread "Unconstrained build operations Thread 79"        [_thread_blocked, id=8444, stack(0x000000a740700000,0x000000a740800000) (1024K)]
  0x000001aab0dc4310 JavaThread "Unconstrained build operations Thread 80"        [_thread_blocked, id=8476, stack(0x000000a740800000,0x000000a740900000) (1024K)]
  0x000001aab0dc2f60 JavaThread "WorkerExecutor Queue Thread 2"        [_thread_blocked, id=2000, stack(0x000000a740900000,0x000000a740a00000) (1024K)]
  0x000001aab0dc3c80 JavaThread "Unconstrained build operations Thread 81"        [_thread_blocked, id=10964, stack(0x000000a740a00000,0x000000a740b00000) (1024K)]
  0x000001aab0dc49a0 JavaThread "Unconstrained build operations Thread 82"        [_thread_blocked, id=17056, stack(0x000000a740b00000,0x000000a740c00000) (1024K)]
  0x000001aab0dc1520 JavaThread "Unconstrained build operations Thread 83"        [_thread_blocked, id=17320, stack(0x000000a740c00000,0x000000a740d00000) (1024K)]
  0x000001aab0dc84b0 JavaThread "Unconstrained build operations Thread 84"        [_thread_blocked, id=4844, stack(0x000000a740d00000,0x000000a740e00000) (1024K)]
  0x000001aab0dc5d50 JavaThread "Unconstrained build operations Thread 85"        [_thread_blocked, id=2656, stack(0x000000a740e00000,0x000000a740f00000) (1024K)]
  0x000001aab0dc7e20 JavaThread "Unconstrained build operations Thread 86"        [_thread_blocked, id=12396, stack(0x000000a740f00000,0x000000a741000000) (1024K)]
  0x000001aab0dc63e0 JavaThread "Unconstrained build operations Thread 87"        [_thread_blocked, id=12656, stack(0x000000a741000000,0x000000a741100000) (1024K)]
  0x000001aab0dc5030 JavaThread "Unconstrained build operations Thread 88"        [_thread_blocked, id=8336, stack(0x000000a741100000,0x000000a741200000) (1024K)]
  0x000001aab0dc6a70 JavaThread "Unconstrained build operations Thread 89"        [_thread_blocked, id=13400, stack(0x000000a741200000,0x000000a741300000) (1024K)]
  0x000001aab0dc8b40 JavaThread "Unconstrained build operations Thread 90"        [_thread_blocked, id=10684, stack(0x000000a741300000,0x000000a741400000) (1024K)]
  0x000001aab0dc56c0 JavaThread "Unconstrained build operations Thread 91"        [_thread_blocked, id=348, stack(0x000000a741400000,0x000000a741500000) (1024K)]
  0x000001aab0dc91d0 JavaThread "Unconstrained build operations Thread 92"        [_thread_blocked, id=2080, stack(0x000000a741500000,0x000000a741600000) (1024K)]
  0x000001aab0dc9860 JavaThread "Unconstrained build operations Thread 93"        [_thread_blocked, id=17584, stack(0x000000a741600000,0x000000a741700000) (1024K)]
  0x000001aab0dc7790 JavaThread "Unconstrained build operations Thread 94"        [_thread_blocked, id=5960, stack(0x000000a741700000,0x000000a741800000) (1024K)]
  0x000001aab0dc9ef0 JavaThread "Unconstrained build operations Thread 95"        [_thread_blocked, id=17712, stack(0x000000a741800000,0x000000a741900000) (1024K)]
  0x000001aab0dca580 JavaThread "Unconstrained build operations Thread 96"        [_thread_blocked, id=9948, stack(0x000000a741900000,0x000000a741a00000) (1024K)]
  0x000001aab0dc7100 JavaThread "Unconstrained build operations Thread 97"        [_thread_blocked, id=8244, stack(0x000000a741a00000,0x000000a741b00000) (1024K)]
  0x000001aab0dcac10 JavaThread "Unconstrained build operations Thread 98"        [_thread_blocked, id=13228, stack(0x000000a741b00000,0x000000a741c00000) (1024K)]
  0x000001aab0dcc650 JavaThread "Unconstrained build operations Thread 99"        [_thread_blocked, id=2392, stack(0x000000a741c00000,0x000000a741d00000) (1024K)]
  0x000001aab0dcb2a0 JavaThread "Unconstrained build operations Thread 100"        [_thread_blocked, id=9212, stack(0x000000a741d00000,0x000000a741e00000) (1024K)]
  0x000001aab0dcb930 JavaThread "Unconstrained build operations Thread 101"        [_thread_blocked, id=17564, stack(0x000000a741e00000,0x000000a741f00000) (1024K)]
  0x000001aab0dcbfc0 JavaThread "Unconstrained build operations Thread 102"        [_thread_blocked, id=12344, stack(0x000000a741f00000,0x000000a742000000) (1024K)]
  0x000001aab0dccce0 JavaThread "Unconstrained build operations Thread 103"        [_thread_blocked, id=13844, stack(0x000000a742000000,0x000000a742100000) (1024K)]
  0x000001aaabeed510 JavaThread "Unconstrained build operations Thread 104"        [_thread_blocked, id=16408, stack(0x000000a742100000,0x000000a742200000) (1024K)]
  0x000001aaabeedba0 JavaThread "Unconstrained build operations Thread 105"        [_thread_blocked, id=15652, stack(0x000000a742200000,0x000000a742300000) (1024K)]
  0x000001aaabeee230 JavaThread "Unconstrained build operations Thread 106"        [_thread_blocked, id=12812, stack(0x000000a742300000,0x000000a742400000) (1024K)]
  0x000001aaabeeadb0 JavaThread "Unconstrained build operations Thread 107"        [_thread_blocked, id=14360, stack(0x000000a742400000,0x000000a742500000) (1024K)]
  0x000001aaabeec7f0 JavaThread "Unconstrained build operations Thread 108"        [_thread_blocked, id=10884, stack(0x000000a742500000,0x000000a742600000) (1024K)]
  0x000001aaabeec160 JavaThread "Unconstrained build operations Thread 109"        [_thread_blocked, id=6244, stack(0x000000a742600000,0x000000a742700000) (1024K)]
  0x000001aaabeee8c0 JavaThread "Unconstrained build operations Thread 110"        [_thread_blocked, id=7312, stack(0x000000a742700000,0x000000a742800000) (1024K)]
  0x000001aaabeeb440 JavaThread "Unconstrained build operations Thread 111"        [_thread_blocked, id=16820, stack(0x000000a742800000,0x000000a742900000) (1024K)]
  0x000001aaabeeef50 JavaThread "Unconstrained build operations Thread 112"        [_thread_blocked, id=6920, stack(0x000000a742900000,0x000000a742a00000) (1024K)]
  0x000001aaabeebad0 JavaThread "Unconstrained build operations Thread 113"        [_thread_blocked, id=17044, stack(0x000000a742a00000,0x000000a742b00000) (1024K)]
Total: 165

Other Threads:
=>0x000001aaa49ee8e0 VMThread "VM Thread"                           [id=9292, stack(0x000000a737b00000,0x000000a737c00000) (1024K)]
  0x000001aaa49dbb50 WatcherThread "VM Periodic Task Thread"        [id=364, stack(0x000000a737a00000,0x000000a737b00000) (1024K)]
  0x000001aa8cf538a0 WorkerThread "GC Thread#0"                     [id=8676, stack(0x000000a737500000,0x000000a737600000) (1024K)]
  0x000001aaa49ef3c0 WorkerThread "GC Thread#1"                     [id=1964, stack(0x000000a738800000,0x000000a738900000) (1024K)]
  0x000001aaa49eec80 WorkerThread "GC Thread#2"                     [id=17456, stack(0x000000a738900000,0x000000a738a00000) (1024K)]
  0x000001aaa49ee540 WorkerThread "GC Thread#3"                     [id=7716, stack(0x000000a738a00000,0x000000a738b00000) (1024K)]
  0x000001aaa49ede00 WorkerThread "GC Thread#4"                     [id=1184, stack(0x000000a738b00000,0x000000a738c00000) (1024K)]
  0x000001aaa49ef020 WorkerThread "GC Thread#5"                     [id=7632, stack(0x000000a738c00000,0x000000a738d00000) (1024K)]
  0x000001aaaab2b460 WorkerThread "GC Thread#6"                     [id=15172, stack(0x000000a738700000,0x000000a738800000) (1024K)]
  0x000001aaaab2cdc0 WorkerThread "GC Thread#7"                     [id=14916, stack(0x000000a739700000,0x000000a739800000) (1024K)]
  0x000001aaaab2ad20 WorkerThread "GC Thread#8"                     [id=5016, stack(0x000000a739800000,0x000000a739900000) (1024K)]
  0x000001aaaab2d8a0 WorkerThread "GC Thread#9"                     [id=19420, stack(0x000000a739900000,0x000000a739a00000) (1024K)]
  0x000001aa8cf64960 ConcurrentGCThread "G1 Main Marker"            [id=10936, stack(0x000000a737600000,0x000000a737700000) (1024K)]
  0x000001aa8cf67ca0 WorkerThread "G1 Conc#0"                       [id=10372, stack(0x000000a737700000,0x000000a737800000) (1024K)]
  0x000001aaaab2d500 WorkerThread "G1 Conc#1"                       [id=5464, stack(0x000000a739a00000,0x000000a739b00000) (1024K)]
  0x000001aaaab2a980 WorkerThread "G1 Conc#2"                       [id=16028, stack(0x000000a739b00000,0x000000a739c00000) (1024K)]
  0x000001aaa492db10 ConcurrentGCThread "G1 Refine#0"               [id=13828, stack(0x000000a737800000,0x000000a737900000) (1024K)]
  0x000001aaa492df40 ConcurrentGCThread "G1 Service"                [id=7780, stack(0x000000a737900000,0x000000a737a00000) (1024K)]
Total: 18

Threads with active compile tasks:
C2 CompilerThread0  13657 14023       4       com.android.tools.r8.graph.K3::c (227 bytes)
C1 CompilerThread0  13657 14126       3       com.android.tools.r8.internal.aj::a (32 bytes)
C2 CompilerThread1  13657 14031       4       com.android.tools.r8.graph.K3::b (275 bytes)
C2 CompilerThread2  13657 14074       4       com.android.tools.r8.graph.o4::a (147 bytes)
Total: 4

VM state: at safepoint (normal execution)

VM Mutex/Monitor currently owned by a thread:  ([mutex/lock_event])
[0x00007fffe118d360] Threads_lock - owner thread: 0x000001aaa49ee8e0
[0x00007fffe118d460] Heap_lock - owner thread: 0x000001aaabeed510

Heap address: 0x0000000080000000, size: 2048 MB, Compressed Oops mode: 32-bit

CDS archive(s) not mapped
Compressed class space mapped at: 0x0000000100000000-0x0000000140000000, reserved size: 1073741824
Narrow klass base: 0x0000000000000000, Narrow klass shift: 3, Narrow klass range: 0x140000000

GC Precious Log:
 CardTable entry size: 512
 Card Set container configuration: InlinePtr #cards 5 size 8 Array Of Cards #cards 12 size 40 Howl #buckets 4 coarsen threshold 1843 Howl Bitmap #cards 512 size 80 coarsen threshold 460 Card regions per heap region 1 cards per card region 2048
 CPUs: 12 total, 12 available
 Memory: 16312M
 Large Page Support: Disabled
 NUMA Support: Disabled
 Compressed Oops: Enabled (32-bit)
 Heap Region Size: 1M
 Heap Min Capacity: 8M
 Heap Initial Capacity: 256M
 Heap Max Capacity: 2G
 Pre-touch: Disabled
 Parallel Workers: 10
 Concurrent Workers: 3
 Concurrent Refinement Workers: 10
 Periodic GC: Disabled

Heap:
 garbage-first heap   total 268288K, used 179817K [0x0000000080000000, 0x0000000100000000)
  region size 1024K, 6 young (6144K), 6 survivors (6144K)
 Metaspace       used 120567K, committed 122880K, reserved 1179648K
  class space    used 16623K, committed 17792K, reserved 1048576K

Heap Regions: E=young(eden), S=young(survivor), O=old, HS=humongous(starts), HC=humongous(continues), CS=collection set, F=free, TAMS=top-at-mark-start, PB=parsable bottom
|   0|0x0000000080000000, 0x0000000080100000, 0x0000000080100000|100%| O|  |TAMS 0x0000000080100000| PB 0x0000000080000000| Untracked 
|   1|0x0000000080100000, 0x0000000080200000, 0x0000000080200000|100%|HS|  |TAMS 0x0000000080200000| PB 0x0000000080100000| Complete 
|   2|0x0000000080200000, 0x0000000080300000, 0x0000000080300000|100%|HC|  |TAMS 0x0000000080300000| PB 0x0000000080200000| Complete 
|   3|0x0000000080300000, 0x0000000080400000, 0x0000000080400000|100%|HC|  |TAMS 0x0000000080400000| PB 0x0000000080300000| Complete 
|   4|0x0000000080400000, 0x0000000080500000, 0x0000000080500000|100%| O|  |TAMS 0x0000000080500000| PB 0x0000000080400000| Untracked 
|   5|0x0000000080500000, 0x0000000080600000, 0x0000000080600000|100%| O|  |TAMS 0x0000000080600000| PB 0x0000000080500000| Untracked 
|   6|0x0000000080600000, 0x0000000080700000, 0x0000000080700000|100%| O|  |TAMS 0x0000000080700000| PB 0x0000000080600000| Untracked 
|   7|0x0000000080700000, 0x0000000080800000, 0x0000000080800000|100%|HS|  |TAMS 0x0000000080800000| PB 0x0000000080700000| Complete 
|   8|0x0000000080800000, 0x0000000080900000, 0x0000000080900000|100%| O|  |TAMS 0x0000000080900000| PB 0x0000000080800000| Untracked 
|   9|0x0000000080900000, 0x0000000080a00000, 0x0000000080a00000|100%| O|  |TAMS 0x0000000080a00000| PB 0x0000000080900000| Untracked 
|  10|0x0000000080a00000, 0x0000000080b00000, 0x0000000080b00000|100%| O|  |TAMS 0x0000000080b00000| PB 0x0000000080a00000| Untracked 
|  11|0x0000000080b00000, 0x0000000080c00000, 0x0000000080c00000|100%| O|  |TAMS 0x0000000080c00000| PB 0x0000000080b00000| Untracked 
|  12|0x0000000080c00000, 0x0000000080d00000, 0x0000000080d00000|100%| O|  |TAMS 0x0000000080d00000| PB 0x0000000080c00000| Untracked 
|  13|0x0000000080d00000, 0x0000000080e00000, 0x0000000080e00000|100%| O|  |TAMS 0x0000000080e00000| PB 0x0000000080d00000| Untracked 
|  14|0x0000000080e00000, 0x0000000080f00000, 0x0000000080f00000|100%| O|  |TAMS 0x0000000080f00000| PB 0x0000000080e00000| Untracked 
|  15|0x0000000080f00000, 0x0000000081000000, 0x0000000081000000|100%| O|  |TAMS 0x0000000081000000| PB 0x0000000080f00000| Untracked 
|  16|0x0000000081000000, 0x0000000081100000, 0x0000000081100000|100%| O|  |TAMS 0x0000000081100000| PB 0x0000000081000000| Untracked 
|  17|0x0000000081100000, 0x0000000081200000, 0x0000000081200000|100%| O|  |TAMS 0x0000000081200000| PB 0x0000000081100000| Untracked 
|  18|0x0000000081200000, 0x0000000081300000, 0x0000000081300000|100%| O|  |TAMS 0x0000000081300000| PB 0x0000000081200000| Untracked 
|  19|0x0000000081300000, 0x0000000081400000, 0x0000000081400000|100%| O|  |TAMS 0x0000000081400000| PB 0x0000000081300000| Untracked 
|  20|0x0000000081400000, 0x0000000081500000, 0x0000000081500000|100%| O|  |TAMS 0x0000000081500000| PB 0x0000000081400000| Untracked 
|  21|0x0000000081500000, 0x0000000081600000, 0x0000000081600000|100%| O|  |TAMS 0x0000000081600000| PB 0x0000000081500000| Untracked 
|  22|0x0000000081600000, 0x0000000081700000, 0x0000000081700000|100%| O|  |TAMS 0x0000000081700000| PB 0x0000000081600000| Untracked 
|  23|0x0000000081700000, 0x0000000081800000, 0x0000000081800000|100%| O|  |TAMS 0x0000000081800000| PB 0x0000000081700000| Untracked 
|  24|0x0000000081800000, 0x0000000081900000, 0x0000000081900000|100%| O|  |TAMS 0x0000000081900000| PB 0x0000000081800000| Untracked 
|  25|0x0000000081900000, 0x0000000081a00000, 0x0000000081a00000|100%| O|  |TAMS 0x0000000081a00000| PB 0x0000000081900000| Untracked 
|  26|0x0000000081a00000, 0x0000000081b00000, 0x0000000081b00000|100%| O|  |TAMS 0x0000000081b00000| PB 0x0000000081a00000| Untracked 
|  27|0x0000000081b00000, 0x0000000081c00000, 0x0000000081c00000|100%| O|  |TAMS 0x0000000081c00000| PB 0x0000000081b00000| Untracked 
|  28|0x0000000081c00000, 0x0000000081d00000, 0x0000000081d00000|100%| O|  |TAMS 0x0000000081d00000| PB 0x0000000081c00000| Untracked 
|  29|0x0000000081d00000, 0x0000000081e00000, 0x0000000081e00000|100%| O|  |TAMS 0x0000000081e00000| PB 0x0000000081d00000| Untracked 
|  30|0x0000000081e00000, 0x0000000081f00000, 0x0000000081f00000|100%| O|  |TAMS 0x0000000081f00000| PB 0x0000000081e00000| Untracked 
|  31|0x0000000081f00000, 0x0000000082000000, 0x0000000082000000|100%| O|  |TAMS 0x0000000082000000| PB 0x0000000081f00000| Untracked 
|  32|0x0000000082000000, 0x0000000082100000, 0x0000000082100000|100%| O|  |TAMS 0x0000000082100000| PB 0x0000000082000000| Untracked 
|  33|0x0000000082100000, 0x0000000082200000, 0x0000000082200000|100%| O|  |TAMS 0x0000000082200000| PB 0x0000000082100000| Untracked 
|  34|0x0000000082200000, 0x0000000082300000, 0x0000000082300000|100%| O|  |TAMS 0x0000000082300000| PB 0x0000000082200000| Untracked 
|  35|0x0000000082300000, 0x0000000082400000, 0x0000000082400000|100%| O|  |TAMS 0x0000000082400000| PB 0x0000000082300000| Untracked 
|  36|0x0000000082400000, 0x0000000082500000, 0x0000000082500000|100%| O|  |TAMS 0x0000000082500000| PB 0x0000000082400000| Untracked 
|  37|0x0000000082500000, 0x0000000082600000, 0x0000000082600000|100%| O|  |TAMS 0x0000000082600000| PB 0x0000000082500000| Untracked 
|  38|0x0000000082600000, 0x0000000082700000, 0x0000000082700000|100%| O|  |TAMS 0x0000000082700000| PB 0x0000000082600000| Untracked 
|  39|0x0000000082700000, 0x0000000082800000, 0x0000000082800000|100%| O|  |TAMS 0x0000000082800000| PB 0x0000000082700000| Untracked 
|  40|0x0000000082800000, 0x0000000082900000, 0x0000000082900000|100%|HS|  |TAMS 0x0000000082900000| PB 0x0000000082800000| Complete 
|  41|0x0000000082900000, 0x0000000082a00000, 0x0000000082a00000|100%|HS|  |TAMS 0x0000000082a00000| PB 0x0000000082900000| Complete 
|  42|0x0000000082a00000, 0x0000000082b00000, 0x0000000082b00000|100%|HS|  |TAMS 0x0000000082b00000| PB 0x0000000082a00000| Complete 
|  43|0x0000000082b00000, 0x0000000082c00000, 0x0000000082c00000|100%| O|  |TAMS 0x0000000082c00000| PB 0x0000000082b00000| Untracked 
|  44|0x0000000082c00000, 0x0000000082d00000, 0x0000000082d00000|100%| O|  |TAMS 0x0000000082d00000| PB 0x0000000082c00000| Untracked 
|  45|0x0000000082d00000, 0x0000000082e00000, 0x0000000082e00000|100%| O|  |TAMS 0x0000000082e00000| PB 0x0000000082d00000| Untracked 
|  46|0x0000000082e00000, 0x0000000082f00000, 0x0000000082f00000|100%| O|  |TAMS 0x0000000082e00000| PB 0x0000000082e00000| Untracked 
|  47|0x0000000082f00000, 0x0000000083000000, 0x0000000083000000|100%|HS|  |TAMS 0x0000000083000000| PB 0x0000000082f00000| Complete 
|  48|0x0000000083000000, 0x0000000083100000, 0x0000000083100000|100%| O|  |TAMS 0x0000000083100000| PB 0x0000000083000000| Untracked 
|  49|0x0000000083100000, 0x0000000083200000, 0x0000000083200000|100%| O|  |TAMS 0x0000000083200000| PB 0x0000000083100000| Untracked 
|  50|0x0000000083200000, 0x0000000083300000, 0x0000000083300000|100%| O|  |TAMS 0x0000000083300000| PB 0x0000000083200000| Untracked 
|  51|0x0000000083300000, 0x0000000083400000, 0x0000000083400000|100%| O|  |TAMS 0x0000000083400000| PB 0x0000000083300000| Untracked 
|  52|0x0000000083400000, 0x0000000083500000, 0x0000000083500000|100%| O|  |TAMS 0x0000000083500000| PB 0x0000000083400000| Untracked 
|  53|0x0000000083500000, 0x0000000083600000, 0x0000000083600000|100%|HS|  |TAMS 0x0000000083600000| PB 0x0000000083500000| Complete 
|  54|0x0000000083600000, 0x0000000083700000, 0x0000000083700000|100%|HC|  |TAMS 0x0000000083700000| PB 0x0000000083600000| Complete 
|  55|0x0000000083700000, 0x0000000083800000, 0x0000000083800000|100%|HS|  |TAMS 0x0000000083800000| PB 0x0000000083700000| Complete 
|  56|0x0000000083800000, 0x0000000083900000, 0x0000000083900000|100%|HC|  |TAMS 0x0000000083900000| PB 0x0000000083800000| Complete 
|  57|0x0000000083900000, 0x0000000083a00000, 0x0000000083a00000|100%|HS|  |TAMS 0x0000000083a00000| PB 0x0000000083900000| Complete 
|  58|0x0000000083a00000, 0x0000000083b00000, 0x0000000083b00000|100%|HC|  |TAMS 0x0000000083b00000| PB 0x0000000083a00000| Complete 
|  59|0x0000000083b00000, 0x0000000083c00000, 0x0000000083c00000|100%|HC|  |TAMS 0x0000000083c00000| PB 0x0000000083b00000| Complete 
|  60|0x0000000083c00000, 0x0000000083d00000, 0x0000000083d00000|100%| O|  |TAMS 0x0000000083d00000| PB 0x0000000083c00000| Untracked 
|  61|0x0000000083d00000, 0x0000000083e00000, 0x0000000083e00000|100%|HS|  |TAMS 0x0000000083e00000| PB 0x0000000083d00000| Complete 
|  62|0x0000000083e00000, 0x0000000083f00000, 0x0000000083f00000|100%|HS|  |TAMS 0x0000000083f00000| PB 0x0000000083e00000| Complete 
|  63|0x0000000083f00000, 0x0000000084000000, 0x0000000084000000|100%| O|  |TAMS 0x0000000084000000| PB 0x0000000083f00000| Untracked 
|  64|0x0000000084000000, 0x0000000084100000, 0x0000000084100000|100%| O|  |TAMS 0x0000000084100000| PB 0x0000000084000000| Untracked 
|  65|0x0000000084100000, 0x0000000084200000, 0x0000000084200000|100%| O|  |TAMS 0x0000000084200000| PB 0x0000000084100000| Untracked 
|  66|0x0000000084200000, 0x0000000084300000, 0x0000000084300000|100%| O|  |TAMS 0x0000000084300000| PB 0x0000000084200000| Untracked 
|  67|0x0000000084300000, 0x0000000084400000, 0x0000000084400000|100%| O|  |TAMS 0x0000000084400000| PB 0x0000000084300000| Untracked 
|  68|0x0000000084400000, 0x0000000084500000, 0x0000000084500000|100%|HS|  |TAMS 0x0000000084500000| PB 0x0000000084400000| Complete 
|  69|0x0000000084500000, 0x0000000084600000, 0x0000000084600000|100%| O|  |TAMS 0x0000000084600000| PB 0x0000000084500000| Untracked 
|  70|0x0000000084600000, 0x0000000084700000, 0x0000000084700000|100%| O|  |TAMS 0x0000000084700000| PB 0x0000000084600000| Untracked 
|  71|0x0000000084700000, 0x0000000084800000, 0x0000000084800000|100%| O|  |TAMS 0x0000000084800000| PB 0x0000000084700000| Untracked 
|  72|0x0000000084800000, 0x0000000084900000, 0x0000000084900000|100%|HS|  |TAMS 0x0000000084900000| PB 0x0000000084800000| Complete 
|  73|0x0000000084900000, 0x0000000084a00000, 0x0000000084a00000|100%|HC|  |TAMS 0x0000000084a00000| PB 0x0000000084900000| Complete 
|  74|0x0000000084a00000, 0x0000000084b00000, 0x0000000084b00000|100%|HC|  |TAMS 0x0000000084b00000| PB 0x0000000084a00000| Complete 
|  75|0x0000000084b00000, 0x0000000084c00000, 0x0000000084c00000|100%| O|  |TAMS 0x0000000084c00000| PB 0x0000000084b00000| Untracked 
|  76|0x0000000084c00000, 0x0000000084d00000, 0x0000000084d00000|100%| O|  |TAMS 0x0000000084d00000| PB 0x0000000084c00000| Untracked 
|  77|0x0000000084d00000, 0x0000000084e00000, 0x0000000084e00000|100%| O|  |TAMS 0x0000000084e00000| PB 0x0000000084d00000| Untracked 
|  78|0x0000000084e00000, 0x0000000084f00000, 0x0000000084f00000|100%| O|  |TAMS 0x0000000084f00000| PB 0x0000000084e00000| Untracked 
|  79|0x0000000084f00000, 0x0000000085000000, 0x0000000085000000|100%| O|  |TAMS 0x0000000085000000| PB 0x0000000084f00000| Untracked 
|  80|0x0000000085000000, 0x0000000085100000, 0x0000000085100000|100%| O|  |TAMS 0x0000000085000000| PB 0x0000000085000000| Untracked 
|  81|0x0000000085100000, 0x0000000085200000, 0x0000000085200000|100%| O|  |TAMS 0x0000000085200000| PB 0x0000000085100000| Untracked 
|  82|0x0000000085200000, 0x0000000085300000, 0x0000000085300000|100%| O|  |TAMS 0x0000000085300000| PB 0x0000000085200000| Untracked 
|  83|0x0000000085300000, 0x0000000085400000, 0x0000000085400000|100%| O|  |TAMS 0x0000000085400000| PB 0x0000000085300000| Untracked 
|  84|0x0000000085400000, 0x0000000085500000, 0x0000000085500000|100%| O|  |TAMS 0x0000000085500000| PB 0x0000000085400000| Untracked 
|  85|0x0000000085500000, 0x0000000085600000, 0x0000000085600000|100%| O|  |TAMS 0x0000000085600000| PB 0x0000000085500000| Untracked 
|  86|0x0000000085600000, 0x0000000085700000, 0x0000000085700000|100%| O|  |TAMS 0x0000000085700000| PB 0x0000000085600000| Untracked 
|  87|0x0000000085700000, 0x0000000085800000, 0x0000000085800000|100%| O|  |TAMS 0x0000000085800000| PB 0x0000000085700000| Untracked 
|  88|0x0000000085800000, 0x0000000085900000, 0x0000000085900000|100%| O|  |TAMS 0x0000000085900000| PB 0x0000000085800000| Untracked 
|  89|0x0000000085900000, 0x0000000085a00000, 0x0000000085a00000|100%| O|  |TAMS 0x0000000085a00000| PB 0x0000000085900000| Untracked 
|  90|0x0000000085a00000, 0x0000000085b00000, 0x0000000085b00000|100%| O|  |TAMS 0x0000000085b00000| PB 0x0000000085a00000| Untracked 
|  91|0x0000000085b00000, 0x0000000085c00000, 0x0000000085c00000|100%| O|  |TAMS 0x0000000085c00000| PB 0x0000000085b00000| Untracked 
|  92|0x0000000085c00000, 0x0000000085d00000, 0x0000000085d00000|100%| O|  |TAMS 0x0000000085d00000| PB 0x0000000085c00000| Untracked 
|  93|0x0000000085d00000, 0x0000000085e00000, 0x0000000085e00000|100%| O|  |TAMS 0x0000000085e00000| PB 0x0000000085d00000| Untracked 
|  94|0x0000000085e00000, 0x0000000085f00000, 0x0000000085f00000|100%| O|  |TAMS 0x0000000085f00000| PB 0x0000000085e00000| Untracked 
|  95|0x0000000085f00000, 0x0000000086000000, 0x0000000086000000|100%| O|  |TAMS 0x0000000086000000| PB 0x0000000085f00000| Untracked 
|  96|0x0000000086000000, 0x0000000086100000, 0x0000000086100000|100%| O|  |TAMS 0x0000000086100000| PB 0x0000000086000000| Untracked 
|  97|0x0000000086100000, 0x0000000086200000, 0x0000000086200000|100%| O|  |TAMS 0x0000000086200000| PB 0x0000000086100000| Untracked 
|  98|0x0000000086200000, 0x0000000086300000, 0x0000000086300000|100%| O|  |TAMS 0x0000000086300000| PB 0x0000000086200000| Untracked 
|  99|0x0000000086300000, 0x0000000086400000, 0x0000000086400000|100%| O|  |TAMS 0x0000000086400000| PB 0x0000000086300000| Untracked 
| 100|0x0000000086400000, 0x0000000086500000, 0x0000000086500000|100%| O|  |TAMS 0x0000000086400000| PB 0x0000000086400000| Untracked 
| 101|0x0000000086500000, 0x0000000086600000, 0x0000000086600000|100%| O|  |TAMS 0x0000000086600000| PB 0x0000000086500000| Untracked 
| 102|0x0000000086600000, 0x0000000086700000, 0x0000000086700000|100%| O|  |TAMS 0x0000000086700000| PB 0x0000000086600000| Untracked 
| 103|0x0000000086700000, 0x0000000086800000, 0x0000000086800000|100%| O|  |TAMS 0x0000000086700000| PB 0x0000000086700000| Untracked 
| 104|0x0000000086800000, 0x0000000086900000, 0x0000000086900000|100%| O|  |TAMS 0x0000000086900000| PB 0x0000000086800000| Untracked 
| 105|0x0000000086900000, 0x0000000086a00000, 0x0000000086a00000|100%|HS|  |TAMS 0x0000000086a00000| PB 0x0000000086900000| Complete 
| 106|0x0000000086a00000, 0x0000000086b00000, 0x0000000086b00000|100%| O|  |TAMS 0x0000000086b00000| PB 0x0000000086a00000| Untracked 
| 107|0x0000000086b00000, 0x0000000086c00000, 0x0000000086c00000|100%| O|  |TAMS 0x0000000086c00000| PB 0x0000000086b00000| Untracked 
| 108|0x0000000086c00000, 0x0000000086d00000, 0x0000000086d00000|100%| O|  |TAMS 0x0000000086d00000| PB 0x0000000086c00000| Untracked 
| 109|0x0000000086d00000, 0x0000000086e00000, 0x0000000086e00000|100%| O|  |TAMS 0x0000000086e00000| PB 0x0000000086d00000| Untracked 
| 110|0x0000000086e00000, 0x0000000086f00000, 0x0000000086f00000|100%| O|  |TAMS 0x0000000086f00000| PB 0x0000000086e00000| Untracked 
| 111|0x0000000086f00000, 0x0000000087000000, 0x0000000087000000|100%| O|  |TAMS 0x0000000087000000| PB 0x0000000086f00000| Untracked 
| 112|0x0000000087000000, 0x0000000087100000, 0x0000000087100000|100%| O|  |TAMS 0x0000000087100000| PB 0x0000000087000000| Untracked 
| 113|0x0000000087100000, 0x0000000087200000, 0x0000000087200000|100%| O|  |TAMS 0x0000000087200000| PB 0x0000000087100000| Untracked 
| 114|0x0000000087200000, 0x0000000087300000, 0x0000000087300000|100%| O|  |TAMS 0x0000000087300000| PB 0x0000000087200000| Untracked 
| 115|0x0000000087300000, 0x0000000087400000, 0x0000000087400000|100%| O|  |TAMS 0x0000000087400000| PB 0x0000000087300000| Untracked 
| 116|0x0000000087400000, 0x0000000087500000, 0x0000000087500000|100%| O|  |TAMS 0x0000000087500000| PB 0x0000000087400000| Untracked 
| 117|0x0000000087500000, 0x0000000087600000, 0x0000000087600000|100%| O|  |TAMS 0x0000000087600000| PB 0x0000000087500000| Untracked 
| 118|0x0000000087600000, 0x0000000087700000, 0x0000000087700000|100%| O|  |TAMS 0x0000000087700000| PB 0x0000000087600000| Untracked 
| 119|0x0000000087700000, 0x0000000087800000, 0x0000000087800000|100%| O|  |TAMS 0x0000000087800000| PB 0x0000000087700000| Untracked 
| 120|0x0000000087800000, 0x0000000087900000, 0x0000000087900000|100%| O|  |TAMS 0x0000000087900000| PB 0x0000000087800000| Untracked 
| 121|0x0000000087900000, 0x0000000087a00000, 0x0000000087a00000|100%| O|  |TAMS 0x0000000087a00000| PB 0x0000000087900000| Untracked 
| 122|0x0000000087a00000, 0x0000000087b00000, 0x0000000087b00000|100%| O|  |TAMS 0x0000000087b00000| PB 0x0000000087a00000| Untracked 
| 123|0x0000000087b00000, 0x0000000087c00000, 0x0000000087c00000|100%| O|  |TAMS 0x0000000087c00000| PB 0x0000000087b00000| Untracked 
| 124|0x0000000087c00000, 0x0000000087d00000, 0x0000000087d00000|100%| O|  |TAMS 0x0000000087d00000| PB 0x0000000087c00000| Untracked 
| 125|0x0000000087d00000, 0x0000000087e00000, 0x0000000087e00000|100%| O|  |TAMS 0x0000000087e00000| PB 0x0000000087d00000| Untracked 
| 126|0x0000000087e00000, 0x0000000087f00000, 0x0000000087f00000|100%| O|  |TAMS 0x0000000087f00000| PB 0x0000000087e00000| Untracked 
| 127|0x0000000087f00000, 0x0000000088000000, 0x0000000088000000|100%| O|  |TAMS 0x0000000088000000| PB 0x0000000087f00000| Untracked 
| 128|0x0000000088000000, 0x0000000088100000, 0x0000000088100000|100%| O|  |TAMS 0x0000000088100000| PB 0x0000000088000000| Untracked 
| 129|0x0000000088100000, 0x0000000088200000, 0x0000000088200000|100%| O|  |TAMS 0x0000000088200000| PB 0x0000000088100000| Untracked 
| 130|0x0000000088200000, 0x0000000088300000, 0x0000000088300000|100%| O|  |TAMS 0x0000000088300000| PB 0x0000000088200000| Untracked 
| 131|0x0000000088300000, 0x0000000088400000, 0x0000000088400000|100%| O|  |TAMS 0x0000000088400000| PB 0x0000000088300000| Untracked 
| 132|0x0000000088400000, 0x0000000088500000, 0x0000000088500000|100%| O|  |TAMS 0x0000000088500000| PB 0x0000000088400000| Untracked 
| 133|0x0000000088500000, 0x0000000088600000, 0x0000000088600000|100%| O|  |TAMS 0x0000000088600000| PB 0x0000000088500000| Untracked 
| 134|0x0000000088600000, 0x0000000088700000, 0x0000000088700000|100%| O|  |TAMS 0x0000000088700000| PB 0x0000000088600000| Untracked 
| 135|0x0000000088700000, 0x0000000088800000, 0x0000000088800000|100%| O|  |TAMS 0x0000000088800000| PB 0x0000000088700000| Untracked 
| 136|0x0000000088800000, 0x0000000088900000, 0x0000000088900000|100%| O|  |TAMS 0x0000000088900000| PB 0x0000000088800000| Untracked 
| 137|0x0000000088900000, 0x0000000088a00000, 0x0000000088a00000|100%| O|  |TAMS 0x0000000088a00000| PB 0x0000000088900000| Untracked 
| 138|0x0000000088a00000, 0x0000000088b00000, 0x0000000088b00000|100%| O|  |TAMS 0x0000000088b00000| PB 0x0000000088a00000| Untracked 
| 139|0x0000000088b00000, 0x0000000088c00000, 0x0000000088c00000|100%| O|  |TAMS 0x0000000088c00000| PB 0x0000000088b00000| Untracked 
| 140|0x0000000088c00000, 0x0000000088d00000, 0x0000000088d00000|100%| O|  |TAMS 0x0000000088d00000| PB 0x0000000088c00000| Untracked 
| 141|0x0000000088d00000, 0x0000000088e00000, 0x0000000088e00000|100%| O|  |TAMS 0x0000000088e00000| PB 0x0000000088d00000| Untracked 
| 142|0x0000000088e00000, 0x0000000088f00000, 0x0000000088f00000|100%| O|  |TAMS 0x0000000088f00000| PB 0x0000000088e00000| Untracked 
| 143|0x0000000088f00000, 0x0000000089000000, 0x0000000089000000|100%| O|  |TAMS 0x0000000089000000| PB 0x0000000088f00000| Untracked 
| 144|0x0000000089000000, 0x0000000089100000, 0x0000000089100000|100%| O|  |TAMS 0x0000000089100000| PB 0x0000000089000000| Untracked 
| 145|0x0000000089100000, 0x0000000089200000, 0x0000000089200000|100%| O|  |TAMS 0x0000000089200000| PB 0x0000000089100000| Untracked 
| 146|0x0000000089200000, 0x0000000089300000, 0x0000000089300000|100%| O|  |TAMS 0x0000000089300000| PB 0x0000000089200000| Untracked 
| 147|0x0000000089300000, 0x0000000089400000, 0x0000000089400000|100%| O|  |TAMS 0x0000000089400000| PB 0x0000000089300000| Untracked 
| 148|0x0000000089400000, 0x0000000089500000, 0x0000000089500000|100%| O|  |TAMS 0x0000000089500000| PB 0x0000000089400000| Untracked 
| 149|0x0000000089500000, 0x0000000089600000, 0x0000000089600000|100%| O|  |TAMS 0x0000000089600000| PB 0x0000000089500000| Untracked 
| 150|0x0000000089600000, 0x0000000089700000, 0x0000000089700000|100%| O|  |TAMS 0x00000000896354f0| PB 0x0000000089600000| Untracked 
| 151|0x0000000089700000, 0x0000000089800000, 0x0000000089800000|100%| O|  |TAMS 0x0000000089700000| PB 0x0000000089700000| Untracked 
| 152|0x0000000089800000, 0x0000000089900000, 0x0000000089900000|100%| O|  |TAMS 0x0000000089800000| PB 0x0000000089800000| Untracked 
| 153|0x0000000089900000, 0x0000000089a00000, 0x0000000089a00000|100%| O|  |TAMS 0x0000000089900000| PB 0x0000000089900000| Untracked 
| 154|0x0000000089a00000, 0x0000000089b00000, 0x0000000089b00000|100%| O|  |TAMS 0x0000000089a00000| PB 0x0000000089a00000| Untracked 
| 155|0x0000000089b00000, 0x0000000089c00000, 0x0000000089c00000|100%| O|  |TAMS 0x0000000089b00000| PB 0x0000000089b00000| Untracked 
| 156|0x0000000089c00000, 0x0000000089d00000, 0x0000000089d00000|100%| O|  |TAMS 0x0000000089c00000| PB 0x0000000089c00000| Untracked 
| 157|0x0000000089d00000, 0x0000000089e00000, 0x0000000089e00000|100%| O|  |TAMS 0x0000000089d00000| PB 0x0000000089d00000| Untracked 
| 158|0x0000000089e00000, 0x0000000089f00000, 0x0000000089f00000|100%| O|  |TAMS 0x0000000089e00000| PB 0x0000000089e00000| Untracked 
| 159|0x0000000089f00000, 0x000000008a000000, 0x000000008a000000|100%| O|  |TAMS 0x0000000089f00000| PB 0x0000000089f00000| Untracked 
| 160|0x000000008a000000, 0x000000008a100000, 0x000000008a100000|100%| O|  |TAMS 0x000000008a000000| PB 0x000000008a000000| Untracked 
| 161|0x000000008a100000, 0x000000008a200000, 0x000000008a200000|100%| O|  |TAMS 0x000000008a100000| PB 0x000000008a100000| Untracked 
| 162|0x000000008a200000, 0x000000008a300000, 0x000000008a300000|100%| O|  |TAMS 0x000000008a200000| PB 0x000000008a200000| Untracked 
| 163|0x000000008a300000, 0x000000008a300000, 0x000000008a400000|  0%| F|  |TAMS 0x000000008a300000| PB 0x000000008a300000| Untracked 
| 164|0x000000008a400000, 0x000000008a49a4e0, 0x000000008a500000| 60%| O|  |TAMS 0x000000008a400000| PB 0x000000008a400000| Untracked 
| 165|0x000000008a500000, 0x000000008a500000, 0x000000008a600000|  0%| F|  |TAMS 0x000000008a500000| PB 0x000000008a500000| Untracked 
| 166|0x000000008a600000, 0x000000008a600000, 0x000000008a700000|  0%| F|  |TAMS 0x000000008a600000| PB 0x000000008a600000| Untracked 
| 167|0x000000008a700000, 0x000000008a700000, 0x000000008a800000|  0%| F|  |TAMS 0x000000008a700000| PB 0x000000008a700000| Untracked 
| 168|0x000000008a800000, 0x000000008a800000, 0x000000008a900000|  0%| F|  |TAMS 0x000000008a800000| PB 0x000000008a800000| Untracked 
| 169|0x000000008a900000, 0x000000008a900000, 0x000000008aa00000|  0%| F|  |TAMS 0x000000008a900000| PB 0x000000008a900000| Untracked 
| 170|0x000000008aa00000, 0x000000008ab00000, 0x000000008ab00000|100%| S|CS|TAMS 0x000000008aa00000| PB 0x000000008aa00000| Complete 
| 171|0x000000008ab00000, 0x000000008ac00000, 0x000000008ac00000|100%| S|CS|TAMS 0x000000008ab00000| PB 0x000000008ab00000| Complete 
| 172|0x000000008ac00000, 0x000000008ac00000, 0x000000008ad00000|  0%| F|  |TAMS 0x000000008ac00000| PB 0x000000008ac00000| Untracked 
| 173|0x000000008ad00000, 0x000000008ad00000, 0x000000008ae00000|  0%| F|  |TAMS 0x000000008ad00000| PB 0x000000008ad00000| Untracked 
| 174|0x000000008ae00000, 0x000000008ae00000, 0x000000008af00000|  0%| F|  |TAMS 0x000000008ae00000| PB 0x000000008ae00000| Untracked 
| 175|0x000000008af00000, 0x000000008af00000, 0x000000008b000000|  0%| F|  |TAMS 0x000000008af00000| PB 0x000000008af00000| Untracked 
| 176|0x000000008b000000, 0x000000008b000000, 0x000000008b100000|  0%| F|  |TAMS 0x000000008b000000| PB 0x000000008b000000| Untracked 
| 177|0x000000008b100000, 0x000000008b100000, 0x000000008b200000|  0%| F|  |TAMS 0x000000008b100000| PB 0x000000008b100000| Untracked 
| 178|0x000000008b200000, 0x000000008b300000, 0x000000008b300000|100%| S|CS|TAMS 0x000000008b200000| PB 0x000000008b200000| Complete 
| 179|0x000000008b300000, 0x000000008b400000, 0x000000008b400000|100%| S|CS|TAMS 0x000000008b300000| PB 0x000000008b300000| Complete 
| 180|0x000000008b400000, 0x000000008b500000, 0x000000008b500000|100%| S|CS|TAMS 0x000000008b400000| PB 0x000000008b400000| Complete 
| 181|0x000000008b500000, 0x000000008b600000, 0x000000008b600000|100%| S|CS|TAMS 0x000000008b500000| PB 0x000000008b500000| Complete 
| 182|0x000000008b600000, 0x000000008b600000, 0x000000008b700000|  0%| F|  |TAMS 0x000000008b600000| PB 0x000000008b600000| Untracked 
| 183|0x000000008b700000, 0x000000008b700000, 0x000000008b800000|  0%| F|  |TAMS 0x000000008b700000| PB 0x000000008b700000| Untracked 
| 184|0x000000008b800000, 0x000000008b800000, 0x000000008b900000|  0%| F|  |TAMS 0x000000008b800000| PB 0x000000008b800000| Untracked 
| 185|0x000000008b900000, 0x000000008b900000, 0x000000008ba00000|  0%| F|  |TAMS 0x000000008b900000| PB 0x000000008b900000| Untracked 
| 186|0x000000008ba00000, 0x000000008ba00000, 0x000000008bb00000|  0%| F|  |TAMS 0x000000008ba00000| PB 0x000000008ba00000| Untracked 
| 187|0x000000008bb00000, 0x000000008bb00000, 0x000000008bc00000|  0%| F|  |TAMS 0x000000008bb00000| PB 0x000000008bb00000| Untracked 
| 188|0x000000008bc00000, 0x000000008bc00000, 0x000000008bd00000|  0%| F|  |TAMS 0x000000008bc00000| PB 0x000000008bc00000| Untracked 
| 189|0x000000008bd00000, 0x000000008bd00000, 0x000000008be00000|  0%| F|  |TAMS 0x000000008bd00000| PB 0x000000008bd00000| Untracked 
| 190|0x000000008be00000, 0x000000008be00000, 0x000000008bf00000|  0%| F|  |TAMS 0x000000008be00000| PB 0x000000008be00000| Untracked 
| 191|0x000000008bf00000, 0x000000008bf00000, 0x000000008c000000|  0%| F|  |TAMS 0x000000008bf00000| PB 0x000000008bf00000| Untracked 
| 192|0x000000008c000000, 0x000000008c000000, 0x000000008c100000|  0%| F|  |TAMS 0x000000008c000000| PB 0x000000008c000000| Untracked 
| 193|0x000000008c100000, 0x000000008c100000, 0x000000008c200000|  0%| F|  |TAMS 0x000000008c100000| PB 0x000000008c100000| Untracked 
| 194|0x000000008c200000, 0x000000008c200000, 0x000000008c300000|  0%| F|  |TAMS 0x000000008c200000| PB 0x000000008c200000| Untracked 
| 195|0x000000008c300000, 0x000000008c300000, 0x000000008c400000|  0%| F|  |TAMS 0x000000008c300000| PB 0x000000008c300000| Untracked 
| 196|0x000000008c400000, 0x000000008c400000, 0x000000008c500000|  0%| F|  |TAMS 0x000000008c400000| PB 0x000000008c400000| Untracked 
| 197|0x000000008c500000, 0x000000008c500000, 0x000000008c600000|  0%| F|  |TAMS 0x000000008c500000| PB 0x000000008c500000| Untracked 
| 198|0x000000008c600000, 0x000000008c600000, 0x000000008c700000|  0%| F|  |TAMS 0x000000008c600000| PB 0x000000008c600000| Untracked 
| 199|0x000000008c700000, 0x000000008c700000, 0x000000008c800000|  0%| F|  |TAMS 0x000000008c700000| PB 0x000000008c700000| Untracked 
| 200|0x000000008c800000, 0x000000008c800000, 0x000000008c900000|  0%| F|  |TAMS 0x000000008c800000| PB 0x000000008c800000| Untracked 
| 201|0x000000008c900000, 0x000000008c900000, 0x000000008ca00000|  0%| F|  |TAMS 0x000000008c900000| PB 0x000000008c900000| Untracked 
| 202|0x000000008ca00000, 0x000000008ca00000, 0x000000008cb00000|  0%| F|  |TAMS 0x000000008ca00000| PB 0x000000008ca00000| Untracked 
| 203|0x000000008cb00000, 0x000000008cb00000, 0x000000008cc00000|  0%| F|  |TAMS 0x000000008cb00000| PB 0x000000008cb00000| Untracked 
| 204|0x000000008cc00000, 0x000000008cc00000, 0x000000008cd00000|  0%| F|  |TAMS 0x000000008cc00000| PB 0x000000008cc00000| Untracked 
| 205|0x000000008cd00000, 0x000000008cd00000, 0x000000008ce00000|  0%| F|  |TAMS 0x000000008cd00000| PB 0x000000008cd00000| Untracked 
| 206|0x000000008ce00000, 0x000000008ce00000, 0x000000008cf00000|  0%| F|  |TAMS 0x000000008ce00000| PB 0x000000008ce00000| Untracked 
| 207|0x000000008cf00000, 0x000000008cf00000, 0x000000008d000000|  0%| F|  |TAMS 0x000000008cf00000| PB 0x000000008cf00000| Untracked 
| 208|0x000000008d000000, 0x000000008d000000, 0x000000008d100000|  0%| F|  |TAMS 0x000000008d000000| PB 0x000000008d000000| Untracked 
| 209|0x000000008d100000, 0x000000008d100000, 0x000000008d200000|  0%| F|  |TAMS 0x000000008d100000| PB 0x000000008d100000| Untracked 
| 210|0x000000008d200000, 0x000000008d200000, 0x000000008d300000|  0%| F|  |TAMS 0x000000008d200000| PB 0x000000008d200000| Untracked 
| 211|0x000000008d300000, 0x000000008d300000, 0x000000008d400000|  0%| F|  |TAMS 0x000000008d300000| PB 0x000000008d300000| Untracked 
| 212|0x000000008d400000, 0x000000008d400000, 0x000000008d500000|  0%| F|  |TAMS 0x000000008d400000| PB 0x000000008d400000| Untracked 
| 213|0x000000008d500000, 0x000000008d500000, 0x000000008d600000|  0%| F|  |TAMS 0x000000008d500000| PB 0x000000008d500000| Untracked 
| 214|0x000000008d600000, 0x000000008d600000, 0x000000008d700000|  0%| F|  |TAMS 0x000000008d600000| PB 0x000000008d600000| Untracked 
| 215|0x000000008d700000, 0x000000008d700000, 0x000000008d800000|  0%| F|  |TAMS 0x000000008d700000| PB 0x000000008d700000| Untracked 
| 216|0x000000008d800000, 0x000000008d800000, 0x000000008d900000|  0%| F|  |TAMS 0x000000008d800000| PB 0x000000008d800000| Untracked 
| 217|0x000000008d900000, 0x000000008d900000, 0x000000008da00000|  0%| F|  |TAMS 0x000000008d900000| PB 0x000000008d900000| Untracked 
| 218|0x000000008da00000, 0x000000008da00000, 0x000000008db00000|  0%| F|  |TAMS 0x000000008da00000| PB 0x000000008da00000| Untracked 
| 219|0x000000008db00000, 0x000000008db00000, 0x000000008dc00000|  0%| F|  |TAMS 0x000000008db00000| PB 0x000000008db00000| Untracked 
| 220|0x000000008dc00000, 0x000000008dc00000, 0x000000008dd00000|  0%| F|  |TAMS 0x000000008dc00000| PB 0x000000008dc00000| Untracked 
| 221|0x000000008dd00000, 0x000000008dd00000, 0x000000008de00000|  0%| F|  |TAMS 0x000000008dd00000| PB 0x000000008dd00000| Untracked 
| 222|0x000000008de00000, 0x000000008de00000, 0x000000008df00000|  0%| F|  |TAMS 0x000000008de00000| PB 0x000000008de00000| Untracked 
| 223|0x000000008df00000, 0x000000008df00000, 0x000000008e000000|  0%| F|  |TAMS 0x000000008df00000| PB 0x000000008df00000| Untracked 
| 224|0x000000008e000000, 0x000000008e000000, 0x000000008e100000|  0%| F|  |TAMS 0x000000008e000000| PB 0x000000008e000000| Untracked 
| 225|0x000000008e100000, 0x000000008e100000, 0x000000008e200000|  0%| F|  |TAMS 0x000000008e100000| PB 0x000000008e100000| Untracked 
| 226|0x000000008e200000, 0x000000008e200000, 0x000000008e300000|  0%| F|  |TAMS 0x000000008e200000| PB 0x000000008e200000| Untracked 
| 227|0x000000008e300000, 0x000000008e300000, 0x000000008e400000|  0%| F|  |TAMS 0x000000008e300000| PB 0x000000008e300000| Untracked 
| 228|0x000000008e400000, 0x000000008e400000, 0x000000008e500000|  0%| F|  |TAMS 0x000000008e400000| PB 0x000000008e400000| Untracked 
| 229|0x000000008e500000, 0x000000008e500000, 0x000000008e600000|  0%| F|  |TAMS 0x000000008e500000| PB 0x000000008e500000| Untracked 
| 230|0x000000008e600000, 0x000000008e600000, 0x000000008e700000|  0%| F|  |TAMS 0x000000008e600000| PB 0x000000008e600000| Untracked 
| 231|0x000000008e700000, 0x000000008e700000, 0x000000008e800000|  0%| F|  |TAMS 0x000000008e700000| PB 0x000000008e700000| Untracked 
| 232|0x000000008e800000, 0x000000008e800000, 0x000000008e900000|  0%| F|  |TAMS 0x000000008e800000| PB 0x000000008e800000| Untracked 
| 233|0x000000008e900000, 0x000000008e900000, 0x000000008ea00000|  0%| F|  |TAMS 0x000000008e900000| PB 0x000000008e900000| Untracked 
| 234|0x000000008ea00000, 0x000000008ea00000, 0x000000008eb00000|  0%| F|  |TAMS 0x000000008ea00000| PB 0x000000008ea00000| Untracked 
| 235|0x000000008eb00000, 0x000000008eb00000, 0x000000008ec00000|  0%| F|  |TAMS 0x000000008eb00000| PB 0x000000008eb00000| Untracked 
| 236|0x000000008ec00000, 0x000000008ec00000, 0x000000008ed00000|  0%| F|  |TAMS 0x000000008ec00000| PB 0x000000008ec00000| Untracked 
| 237|0x000000008ed00000, 0x000000008ed00000, 0x000000008ee00000|  0%| F|  |TAMS 0x000000008ed00000| PB 0x000000008ed00000| Untracked 
| 238|0x000000008ee00000, 0x000000008ee00000, 0x000000008ef00000|  0%| F|  |TAMS 0x000000008ee00000| PB 0x000000008ee00000| Untracked 
| 239|0x000000008ef00000, 0x000000008ef00000, 0x000000008f000000|  0%| F|  |TAMS 0x000000008ef00000| PB 0x000000008ef00000| Untracked 
| 240|0x000000008f000000, 0x000000008f000000, 0x000000008f100000|  0%| F|  |TAMS 0x000000008f000000| PB 0x000000008f000000| Untracked 
| 241|0x000000008f100000, 0x000000008f100000, 0x000000008f200000|  0%| F|  |TAMS 0x000000008f100000| PB 0x000000008f100000| Untracked 
| 242|0x000000008f200000, 0x000000008f200000, 0x000000008f300000|  0%| F|  |TAMS 0x000000008f200000| PB 0x000000008f200000| Untracked 
| 243|0x000000008f300000, 0x000000008f300000, 0x000000008f400000|  0%| F|  |TAMS 0x000000008f300000| PB 0x000000008f300000| Untracked 
| 244|0x000000008f400000, 0x000000008f400000, 0x000000008f500000|  0%| F|  |TAMS 0x000000008f400000| PB 0x000000008f400000| Untracked 
| 245|0x000000008f500000, 0x000000008f500000, 0x000000008f600000|  0%| F|  |TAMS 0x000000008f500000| PB 0x000000008f500000| Untracked 
| 246|0x000000008f600000, 0x000000008f600000, 0x000000008f700000|  0%| F|  |TAMS 0x000000008f600000| PB 0x000000008f600000| Untracked 
| 247|0x000000008f700000, 0x000000008f700000, 0x000000008f800000|  0%| F|  |TAMS 0x000000008f700000| PB 0x000000008f700000| Untracked 
| 248|0x000000008f800000, 0x000000008f800000, 0x000000008f900000|  0%| F|  |TAMS 0x000000008f800000| PB 0x000000008f800000| Untracked 
| 249|0x000000008f900000, 0x000000008f900000, 0x000000008fa00000|  0%| F|  |TAMS 0x000000008f900000| PB 0x000000008f900000| Untracked 
| 250|0x000000008fa00000, 0x000000008fa00000, 0x000000008fb00000|  0%| F|  |TAMS 0x000000008fa00000| PB 0x000000008fa00000| Untracked 
| 251|0x000000008fb00000, 0x000000008fb00000, 0x000000008fc00000|  0%| F|  |TAMS 0x000000008fb00000| PB 0x000000008fb00000| Untracked 
| 252|0x000000008fc00000, 0x000000008fc00000, 0x000000008fd00000|  0%| F|  |TAMS 0x000000008fc00000| PB 0x000000008fc00000| Untracked 
| 253|0x000000008fd00000, 0x000000008fd00000, 0x000000008fe00000|  0%| F|  |TAMS 0x000000008fd00000| PB 0x000000008fd00000| Untracked 
| 254|0x000000008fe00000, 0x000000008fe00000, 0x000000008ff00000|  0%| F|  |TAMS 0x000000008fe00000| PB 0x000000008fe00000| Untracked 
| 255|0x000000008ff00000, 0x000000008ff00000, 0x0000000090000000|  0%| F|  |TAMS 0x000000008ff00000| PB 0x000000008ff00000| Untracked 
|2042|0x00000000ffa00000, 0x00000000ffb00000, 0x00000000ffb00000|100%| O|  |TAMS 0x00000000ffb00000| PB 0x00000000ffa00000| Untracked 
|2043|0x00000000ffb00000, 0x00000000ffc00000, 0x00000000ffc00000|100%| O|  |TAMS 0x00000000ffc00000| PB 0x00000000ffb00000| Untracked 
|2044|0x00000000ffc00000, 0x00000000ffd00000, 0x00000000ffd00000|100%| O|  |TAMS 0x00000000ffd00000| PB 0x00000000ffc00000| Untracked 
|2045|0x00000000ffd00000, 0x00000000ffe00000, 0x00000000ffe00000|100%| O|  |TAMS 0x00000000ffe00000| PB 0x00000000ffd00000| Untracked 
|2046|0x00000000ffe00000, 0x00000000fff00000, 0x00000000fff00000|100%| O|  |TAMS 0x00000000fff00000| PB 0x00000000ffe00000| Untracked 
|2047|0x00000000fff00000, 0x0000000100000000, 0x0000000100000000|100%| O|  |TAMS 0x0000000100000000| PB 0x00000000fff00000| Untracked 

Card table byte_map: [0x000001aa9f9a0000,0x000001aa9fda0000] _byte_map_base: 0x000001aa9f5a0000

Marking Bits: (CMBitMap*) 0x000001aa8cf53db0
 Bits: [0x000001aa9fda0000, 0x000001aaa1da0000)

Polling page: 0x000001aa8b020000

Metaspace:

Usage:
  Non-class:    101.51 MB used.
      Class:     16.23 MB used.
       Both:    117.74 MB used.

Virtual space:
  Non-class space:      128.00 MB reserved,     102.62 MB ( 80%) committed,  2 nodes.
      Class space:        1.00 GB reserved,      17.38 MB (  2%) committed,  1 nodes.
             Both:        1.12 GB reserved,     120.00 MB ( 10%) committed. 

Chunk freelists:
   Non-Class:  9.03 MB
       Class:  14.58 MB
        Both:  23.61 MB

MaxMetaspaceSize: unlimited
CompressedClassSpaceSize: 1.00 GB
Initial GC threshold: 21.00 MB
Current GC threshold: 192.50 MB
CDS: off
 - commit_granule_bytes: 65536.
 - commit_granule_words: 8192.
 - virtual_space_node_default_size: 8388608.
 - enlarge_chunks_in_place: 1.
 - use_allocation_guard: 0.


Internal statistics:

num_allocs_failed_limit: 12.
num_arena_births: 4310.
num_arena_deaths: 0.
num_vsnodes_births: 3.
num_vsnodes_deaths: 0.
num_space_committed: 1919.
num_space_uncommitted: 0.
num_chunks_returned_to_freelist: 12.
num_chunks_taken_from_freelist: 9455.
num_chunk_merges: 12.
num_chunk_splits: 6177.
num_chunks_enlarged: 3909.
num_inconsistent_stats: 0.

CodeHeap 'non-profiled nmethods': size=120000Kb used=7531Kb max_used=7598Kb free=112469Kb
 bounds [0x000001aa97b20000, 0x000001aa98290000, 0x000001aa9f050000]
CodeHeap 'profiled nmethods': size=120000Kb used=21968Kb max_used=21968Kb free=98031Kb
 bounds [0x000001aa90050000, 0x000001aa915d0000, 0x000001aa97580000]
CodeHeap 'non-nmethods': size=5760Kb used=2135Kb max_used=2200Kb free=3624Kb
 bounds [0x000001aa97580000, 0x000001aa977f0000, 0x000001aa97b20000]
 total_blobs=12712 nmethods=11840 adapters=776
 compilation: enabled
              stopped_count=0, restarted_count=0
 full_count=0

Compilation events (20 events):
Event: 13.608 Thread 0x000001aaa4b912d0 nmethod 14102 0x000001aa915c1a10 code [0x000001aa915c1ba0, 0x000001aa915c1cd8]
Event: 13.608 Thread 0x000001aaa4b912d0 14107       2       com.google.common.util.concurrent.AbstractFuture$UnsafeAtomicHelper::gasListeners (15 bytes)
Event: 13.608 Thread 0x000001aaa4b912d0 nmethod 14107 0x000001aa915c1d90 code [0x000001aa915c1f40, 0x000001aa915c20d0]
Event: 13.608 Thread 0x000001aaa4b912d0 13906       2       com.android.tools.r8.graph.H3$g::d (4 bytes)
Event: 13.608 Thread 0x000001aaa4b912d0 nmethod 13906 0x000001aa91178310 code [0x000001aa911784a0, 0x000001aa91178590]
Event: 13.608 Thread 0x000001aaa4b912d0 13999       2       com.android.tools.r8.graph.H3$j::<init> (32 bytes)
Event: 13.609 Thread 0x000001aaa4b912d0 nmethod 13999 0x000001aa915c2190 code [0x000001aa915c2340, 0x000001aa915c24f0]
Event: 13.609 Thread 0x000001aaa4b912d0 14092       2       com.android.tools.r8.graph.O4$$Lambda/0x0000000101148ff0::apply (16 bytes)
Event: 13.609 Thread 0x000001aaa4b912d0 nmethod 14092 0x000001aa915c2590 code [0x000001aa915c2740, 0x000001aa915c2908]
Event: 13.609 Thread 0x000001aaa4b912d0 14093       2       com.android.tools.r8.graph.O4::a (21 bytes)
Event: 13.609 Thread 0x000001aaa4b912d0 nmethod 14093 0x000001aa915c2a10 code [0x000001aa915c2bc0, 0x000001aa915c2d28]
Event: 13.609 Thread 0x000001aaa4b912d0 14094       2       com.android.tools.r8.internal.o60::test (8 bytes)
Event: 13.609 Thread 0x000001aaa4b912d0 nmethod 14094 0x000001aa915c2e10 code [0x000001aa915c2fc0, 0x000001aa915c30f0]
Event: 13.609 Thread 0x000001aaa4b912d0 14108       2       com.android.tools.r8.graph.I3::f (40 bytes)
Event: 13.609 Thread 0x000001aaa4b912d0 nmethod 14108 0x000001aa915c3190 code [0x000001aa915c3340, 0x000001aa915c3570]
Event: 13.609 Thread 0x000001aaa4b912d0 14095       2       com.android.tools.r8.graph.P4$$Lambda/0x000000010114bb68::accept (16 bytes)
Event: 13.609 Thread 0x000001aaa4b912d0 nmethod 14095 0x000001aa915c3690 code [0x000001aa915c3860, 0x000001aa915c3b28]
Event: 13.610 Thread 0x000001aaa4b912d0 14096       2       com.android.tools.r8.graph.P4::b (24 bytes)
Event: 13.610 Thread 0x000001aaa4b912d0 nmethod 14096 0x000001aa915c3d10 code [0x000001aa915c3ee0, 0x000001aa915c41d8]
Event: 13.610 Thread 0x000001aaa4b912d0 14126       3       com.android.tools.r8.internal.aj::a (32 bytes)

GC Heap History (20 events):
Event: 11.432 GC heap after
{Heap after GC invocations=37 (full 0):
 garbage-first heap   total 165888K, used 101428K [0x0000000080000000, 0x0000000100000000)
  region size 1024K, 7 young (7168K), 7 survivors (7168K)
 Metaspace       used 108429K, committed 110656K, reserved 1179648K
  class space    used 14929K, committed 16064K, reserved 1048576K
}
Event: 11.951 GC heap before
{Heap before GC invocations=37 (full 0):
 garbage-first heap   total 165888K, used 148532K [0x0000000080000000, 0x0000000100000000)
  region size 1024K, 53 young (54272K), 7 survivors (7168K)
 Metaspace       used 111158K, committed 113408K, reserved 1179648K
  class space    used 15322K, committed 16448K, reserved 1048576K
}
Event: 11.958 GC heap after
{Heap after GC invocations=38 (full 0):
 garbage-first heap   total 165888K, used 105726K [0x0000000080000000, 0x0000000100000000)
  region size 1024K, 7 young (7168K), 7 survivors (7168K)
 Metaspace       used 111158K, committed 113408K, reserved 1179648K
  class space    used 15322K, committed 16448K, reserved 1048576K
}
Event: 12.184 GC heap before
{Heap before GC invocations=38 (full 0):
 garbage-first heap   total 165888K, used 134398K [0x0000000080000000, 0x0000000100000000)
  region size 1024K, 37 young (37888K), 7 survivors (7168K)
 Metaspace       used 111533K, committed 113792K, reserved 1179648K
  class space    used 15405K, committed 16576K, reserved 1048576K
}
Event: 12.190 GC heap after
{Heap after GC invocations=39 (full 0):
 garbage-first heap   total 165888K, used 110381K [0x0000000080000000, 0x0000000100000000)
  region size 1024K, 5 young (5120K), 5 survivors (5120K)
 Metaspace       used 111533K, committed 113792K, reserved 1179648K
  class space    used 15405K, committed 16576K, reserved 1048576K
}
Event: 12.512 GC heap before
{Heap before GC invocations=40 (full 0):
 garbage-first heap   total 194560K, used 153389K [0x0000000080000000, 0x0000000100000000)
  region size 1024K, 43 young (44032K), 5 survivors (5120K)
 Metaspace       used 113208K, committed 115456K, reserved 1179648K
  class space    used 15544K, committed 16704K, reserved 1048576K
}
Event: 12.516 GC heap after
{Heap after GC invocations=41 (full 0):
 garbage-first heap   total 194560K, used 110980K [0x0000000080000000, 0x0000000100000000)
  region size 1024K, 5 young (5120K), 5 survivors (5120K)
 Metaspace       used 113208K, committed 115456K, reserved 1179648K
  class space    used 15544K, committed 16704K, reserved 1048576K
}
Event: 13.019 GC heap before
{Heap before GC invocations=41 (full 0):
 garbage-first heap   total 194560K, used 177540K [0x0000000080000000, 0x0000000100000000)
  region size 1024K, 71 young (72704K), 5 survivors (5120K)
 Metaspace       used 115130K, committed 117376K, reserved 1179648K
  class space    used 15795K, committed 16960K, reserved 1048576K
}
Event: 13.027 GC heap after
{Heap after GC invocations=42 (full 0):
 garbage-first heap   total 194560K, used 117187K [0x0000000080000000, 0x0000000100000000)
  region size 1024K, 9 young (9216K), 9 survivors (9216K)
 Metaspace       used 115130K, committed 117376K, reserved 1179648K
  class space    used 15795K, committed 16960K, reserved 1048576K
}
Event: 13.073 GC heap before
{Heap before GC invocations=42 (full 0):
 garbage-first heap   total 194560K, used 154051K [0x0000000080000000, 0x0000000100000000)
  region size 1024K, 47 young (48128K), 9 survivors (9216K)
 Metaspace       used 115550K, committed 117824K, reserved 1179648K
  class space    used 15848K, committed 17024K, reserved 1048576K
}
Event: 13.079 GC heap after
{Heap after GC invocations=43 (full 0):
 garbage-first heap   total 233472K, used 128039K [0x0000000080000000, 0x0000000100000000)
  region size 1024K, 9 young (9216K), 9 survivors (9216K)
 Metaspace       used 115550K, committed 117824K, reserved 1179648K
  class space    used 15848K, committed 17024K, reserved 1048576K
}
Event: 13.195 GC heap before
{Heap before GC invocations=43 (full 0):
 garbage-first heap   total 233472K, used 199719K [0x0000000080000000, 0x0000000100000000)
  region size 1024K, 78 young (79872K), 9 survivors (9216K)
 Metaspace       used 116249K, committed 118528K, reserved 1179648K
  class space    used 15946K, committed 17152K, reserved 1048576K
}
Event: 13.201 GC heap after
{Heap after GC invocations=44 (full 0):
 garbage-first heap   total 233472K, used 144123K [0x0000000080000000, 0x0000000100000000)
  region size 1024K, 10 young (10240K), 10 survivors (10240K)
 Metaspace       used 116249K, committed 118528K, reserved 1179648K
  class space    used 15946K, committed 17152K, reserved 1048576K
}
Event: 13.268 GC heap before
{Heap before GC invocations=45 (full 0):
 garbage-first heap   total 233472K, used 202491K [0x0000000080000000, 0x0000000100000000)
  region size 1024K, 68 young (69632K), 10 survivors (10240K)
 Metaspace       used 116668K, committed 119040K, reserved 1179648K
  class space    used 16014K, committed 17216K, reserved 1048576K
}
Event: 13.273 GC heap after
{Heap after GC invocations=46 (full 0):
 garbage-first heap   total 233472K, used 155464K [0x0000000080000000, 0x0000000100000000)
  region size 1024K, 9 young (9216K), 9 survivors (9216K)
 Metaspace       used 116668K, committed 119040K, reserved 1179648K
  class space    used 16014K, committed 17216K, reserved 1048576K
}
Event: 13.347 GC heap before
{Heap before GC invocations=46 (full 0):
 garbage-first heap   total 233472K, used 205640K [0x0000000080000000, 0x0000000100000000)
  region size 1024K, 59 young (60416K), 9 survivors (9216K)
 Metaspace       used 117532K, committed 119872K, reserved 1179648K
  class space    used 16154K, committed 17344K, reserved 1048576K
}
Event: 13.352 GC heap after
{Heap after GC invocations=47 (full 0):
 garbage-first heap   total 233472K, used 164053K [0x0000000080000000, 0x0000000100000000)
  region size 1024K, 8 young (8192K), 8 survivors (8192K)
 Metaspace       used 117532K, committed 119872K, reserved 1179648K
  class space    used 16154K, committed 17344K, reserved 1048576K
}
Event: 13.536 GC heap before
{Heap before GC invocations=47 (full 0):
 garbage-first heap   total 233472K, used 208085K [0x0000000080000000, 0x0000000100000000)
  region size 1024K, 52 young (53248K), 8 survivors (8192K)
 Metaspace       used 120104K, committed 122432K, reserved 1179648K
  class space    used 16551K, committed 17728K, reserved 1048576K
}
Event: 13.543 GC heap after
{Heap after GC invocations=48 (full 0):
 garbage-first heap   total 233472K, used 171439K [0x0000000080000000, 0x0000000100000000)
  region size 1024K, 7 young (7168K), 7 survivors (7168K)
 Metaspace       used 120104K, committed 122432K, reserved 1179648K
  class space    used 16551K, committed 17728K, reserved 1048576K
}
Event: 13.610 GC heap before
{Heap before GC invocations=48 (full 0):
 garbage-first heap   total 233472K, used 212399K [0x0000000080000000, 0x0000000100000000)
  region size 1024K, 47 young (48128K), 7 survivors (7168K)
 Metaspace       used 120567K, committed 122880K, reserved 1179648K
  class space    used 16623K, committed 17792K, reserved 1048576K
}

Dll operation events (3 events):
Event: 0.009 Loaded shared library H:\android studio\jbr\bin\java.dll
Event: 0.014 Loaded shared library H:\android studio\jbr\bin\zip.dll
Event: 0.503 Loaded shared library H:\android studio\jbr\bin\verify.dll

Deoptimization events (20 events):
Event: 13.577 Thread 0x000001aaabeeadb0 DEOPT PACKING pc=0x000001aa911c2c89 sp=0x000000a7424fa870
Event: 13.577 Thread 0x000001aaabeeadb0 DEOPT UNPACKING pc=0x000001aa975d4e42 sp=0x000000a7424f9d70 mode 0
Event: 13.580 Thread 0x000001aaabeedba0 DEOPT PACKING pc=0x000001aa911c2c89 sp=0x000000a7422fa4e0
Event: 13.580 Thread 0x000001aaabeedba0 DEOPT UNPACKING pc=0x000001aa975d4e42 sp=0x000000a7422f99e0 mode 0
Event: 13.590 Thread 0x000001aaabeedba0 DEOPT PACKING pc=0x000001aa911c2c89 sp=0x000000a7422fa4e0
Event: 13.590 Thread 0x000001aaabeedba0 DEOPT UNPACKING pc=0x000001aa975d4e42 sp=0x000000a7422f99e0 mode 0
Event: 13.592 Thread 0x000001aaabeebad0 DEOPT PACKING pc=0x000001aa911c2c89 sp=0x000000a742afa4e0
Event: 13.592 Thread 0x000001aaabeebad0 DEOPT UNPACKING pc=0x000001aa975d4e42 sp=0x000000a742af99e0 mode 0
Event: 13.595 Thread 0x000001aaabeedba0 DEOPT PACKING pc=0x000001aa911c2c89 sp=0x000000a7422fa500
Event: 13.595 Thread 0x000001aaabeedba0 DEOPT UNPACKING pc=0x000001aa975d4e42 sp=0x000000a7422f9a00 mode 0
Event: 13.598 Thread 0x000001aaabeed510 DEOPT PACKING pc=0x000001aa911c2c89 sp=0x000000a7421fa490
Event: 13.598 Thread 0x000001aaabeed510 DEOPT UNPACKING pc=0x000001aa975d4e42 sp=0x000000a7421f9990 mode 0
Event: 13.601 Thread 0x000001aaabeed510 DEOPT PACKING pc=0x000001aa911c2c89 sp=0x000000a7421fa4a0
Event: 13.601 Thread 0x000001aaabeed510 DEOPT UNPACKING pc=0x000001aa975d4e42 sp=0x000000a7421f99a0 mode 0
Event: 13.604 Thread 0x000001aaabeed510 DEOPT PACKING pc=0x000001aa911c2c89 sp=0x000000a7421fa4a0
Event: 13.604 Thread 0x000001aaabeed510 DEOPT UNPACKING pc=0x000001aa975d4e42 sp=0x000000a7421f99a0 mode 0
Event: 13.606 Thread 0x000001aab0dccce0 DEOPT PACKING pc=0x000001aa911c2c89 sp=0x000000a7420fabd0
Event: 13.606 Thread 0x000001aab0dccce0 DEOPT UNPACKING pc=0x000001aa975d4e42 sp=0x000000a7420fa0d0 mode 0
Event: 13.608 Thread 0x000001aaabeebad0 DEOPT PACKING pc=0x000001aa911c2c89 sp=0x000000a742afa660
Event: 13.608 Thread 0x000001aaabeebad0 DEOPT UNPACKING pc=0x000001aa975d4e42 sp=0x000000a742af9b60 mode 0

Classes loaded (20 events):
Event: 12.955 Loading class java/util/regex/Pattern$SliceU
Event: 12.955 Loading class java/util/regex/Pattern$SliceU done
Event: 12.955 Loading class sun/nio/fs/WindowsFileSystem$2
Event: 12.955 Loading class sun/nio/fs/WindowsFileSystem$2 done
Event: 12.960 Loading class java/util/zip/ZipFile$ZipEntryIterator
Event: 12.960 Loading class java/util/zip/ZipFile$ZipEntryIterator done
Event: 13.006 Loading class java/util/zip/ZipInputStream
Event: 13.007 Loading class java/util/zip/ZipInputStream done
Event: 13.015 Loading class sun/nio/ch/ChannelOutputStream
Event: 13.015 Loading class sun/nio/ch/ChannelOutputStream done
Event: 13.049 Loading class java/nio/file/StandardCopyOption
Event: 13.049 Loading class java/nio/file/StandardCopyOption done
Event: 13.049 Loading class sun/nio/fs/WindowsFileCopy
Event: 13.050 Loading class sun/nio/fs/WindowsFileCopy done
Event: 13.113 Loading class java/io/UTFDataFormatException
Event: 13.113 Loading class java/io/UTFDataFormatException done
Event: 13.255 Loading class java/util/concurrent/RejectedExecutionException
Event: 13.255 Loading class java/util/concurrent/RejectedExecutionException done
Event: 13.468 Loading class java/util/concurrent/ConcurrentLinkedQueue$Itr
Event: 13.468 Loading class java/util/concurrent/ConcurrentLinkedQueue$Itr done

Classes unloaded (0 events):
No events

Classes redefined (0 events):
No events

Internal exceptions (20 events):
Event: 12.228 Thread 0x000001aab033a590 Exception <a 'java/lang/NoSuchMethodError'{0x000000008e5d4b10}: static Lcom/android/build/gradle/internal/tasks/AarMetadataArtifact;.<clinit>()V> (0x000000008e5d4b10) 
thrown [s\src\hotspot\share\prims\jni.cpp, line 1135]
Event: 12.296 Thread 0x000001aaaac7fc40 Exception <a 'java/lang/NoSuchMethodError'{0x000000008aadb200}: static Lorg/gradle/internal/build/event/types/DefaultTaskFailureResult;.<clinit>()V> (0x000000008aadb200) 
thrown [s\src\hotspot\share\prims\jni.cpp, line 1135]
Event: 12.299 Thread 0x000001aaaac7fc40 Exception <a 'java/lang/NoSuchMethodError'{0x000000008a9fe948}: static Lorg/gradle/internal/build/event/types/DefaultFailure;.<clinit>()V> (0x000000008a9fe948) 
thrown [s\src\hotspot\share\prims\jni.cpp, line 1135]
Event: 12.659 Thread 0x000001aab033a590 Exception <a 'sun/nio/fs/WindowsException'{0x000000008ac3c4d8}> (0x000000008ac3c4d8) 
thrown [s\src\hotspot\share\prims\jni.cpp, line 535]
Event: 12.666 Thread 0x000001aab033a590 Exception <a 'java/lang/NoSuchMethodError'{0x000000008ac639e8}: 'int java.lang.invoke.DirectMethodHandle$Holder.invokeSpecial(java.lang.Object, java.lang.Object, java.lang.Object, java.lang.Object, java.lang.Object)'> (0x000000008ac639e8) 
thrown [s\src\hotspot\share\interpreter\linkResolver.cpp, line 784]
Event: 12.904 Thread 0x000001aab033ccf0 Exception <a 'sun/nio/fs/WindowsException'{0x0000000088a33c08}> (0x0000000088a33c08) 
thrown [s\src\hotspot\share\prims\jni.cpp, line 535]
Event: 12.960 Thread 0x000001aaabeebad0 Implicit null exception at 0x000001aa97ce1466 to 0x000001aa97ce2008
Event: 12.960 Thread 0x000001aaabeec160 Implicit null exception at 0x000001aa97ce1466 to 0x000001aa97ce2008
Event: 12.960 Thread 0x000001aaabeedba0 Implicit null exception at 0x000001aa97ce1466 to 0x000001aa97ce2008
Event: 13.388 Thread 0x000001aab033ccf0 Exception <a 'java/lang/NoSuchMethodError'{0x000000008e25e370}: 'java.lang.Object java.lang.invoke.DirectMethodHandle$Holder.invokeStaticInit(java.lang.Object, java.lang.Object, java.lang.Object, java.lang.Object, java.lang.Object, java.lang.Object, java.lang.Object, java.lang.Object, java.lang.Object, java.lang.Object, java.lang.Object, java.lang.Object, java.lang.Object, java.lang.Object, java.lang.Object, java.lang.Object, java.lang.Object, java.lang.Object, java.lang.Object, java.lang.Object, int, java
Event: 13.421 Thread 0x000001aaabeec160 Exception <a 'java/lang/IncompatibleClassChangeError'{0x000000008e18db60}: Found class java.lang.Object, but interface was expected> (0x000000008e18db60) 
thrown [s\src\hotspot\share\interpreter\linkResolver.cpp, line 851]
Event: 13.421 Thread 0x000001aaabeed510 Exception <a 'java/lang/IncompatibleClassChangeError'{0x000000008e3cd328}: Found class java.lang.Object, but interface was expected> (0x000000008e3cd328) 
thrown [s\src\hotspot\share\interpreter\linkResolver.cpp, line 851]
Event: 13.421 Thread 0x000001aaabeebad0 Exception <a 'java/lang/IncompatibleClassChangeError'{0x000000008e12e680}: Found class java.lang.Object, but interface was expected> (0x000000008e12e680) 
thrown [s\src\hotspot\share\interpreter\linkResolver.cpp, line 851]
Event: 13.421 Thread 0x000001aaabeec7f0 Exception <a 'java/lang/IncompatibleClassChangeError'{0x000000008df1d570}: Found class java.lang.Object, but interface was expected> (0x000000008df1d570) 
thrown [s\src\hotspot\share\interpreter\linkResolver.cpp, line 851]
Event: 13.421 Thread 0x000001aaabeeadb0 Exception <a 'java/lang/IncompatibleClassChangeError'{0x000000008e11fb00}: Found class java.lang.Object, but interface was expected> (0x000000008e11fb00) 
thrown [s\src\hotspot\share\interpreter\linkResolver.cpp, line 851]
Event: 13.421 Thread 0x000001aaabeee230 Exception <a 'java/lang/IncompatibleClassChangeError'{0x000000008df116d8}: Found class java.lang.Object, but interface was expected> (0x000000008df116d8) 
thrown [s\src\hotspot\share\interpreter\linkResolver.cpp, line 851]
Event: 13.421 Thread 0x000001aaabeeef50 Exception <a 'java/lang/IncompatibleClassChangeError'{0x000000008e1d0000}: Found class java.lang.Object, but interface was expected> (0x000000008e1d0000) 
thrown [s\src\hotspot\share\interpreter\linkResolver.cpp, line 851]
Event: 13.421 Thread 0x000001aaabeedba0 Exception <a 'java/lang/IncompatibleClassChangeError'{0x000000008e176ba0}: Found class java.lang.Object, but interface was expected> (0x000000008e176ba0) 
thrown [s\src\hotspot\share\interpreter\linkResolver.cpp, line 851]
Event: 13.421 Thread 0x000001aab033ccf0 Exception <a 'java/lang/IncompatibleClassChangeError'{0x000000008e1b44d8}: Found class java.lang.Object, but interface was expected> (0x000000008e1b44d8) 
thrown [s\src\hotspot\share\interpreter\linkResolver.cpp, line 851]
Event: 13.433 Thread 0x000001aaabeeef50 Exception <a 'java/lang/NoSuchMethodError'{0x000000008d379858}: 'void java.lang.invoke.DirectMethodHandle$Holder.invokeStatic(java.lang.Object, java.lang.Object, java.lang.Object, int, java.lang.Object, java.lang.Object, java.lang.Object, java.lang.Object)'> (0x000000008d379858) 
thrown [s\src\hotspot\share\interpreter\linkResolver.cpp, line 784]

ZGC Phase Switch (0 events):
No events

VM Operations (20 events):
Event: 13.145 Executing VM operation: HandshakeAllThreads (Deoptimize) done
Event: 13.152 Executing VM operation: G1PauseRemark
Event: 13.157 Executing VM operation: G1PauseRemark done
Event: 13.195 Executing VM operation: G1CollectForAllocation (G1 Evacuation Pause)
Event: 13.201 Executing VM operation: G1CollectForAllocation (G1 Evacuation Pause) done
Event: 13.214 Executing VM operation: G1PauseCleanup
Event: 13.214 Executing VM operation: G1PauseCleanup done
Event: 13.235 Executing VM operation: HandshakeAllThreads (Deoptimize)
Event: 13.235 Executing VM operation: HandshakeAllThreads (Deoptimize) done
Event: 13.268 Executing VM operation: G1CollectForAllocation (G1 Evacuation Pause)
Event: 13.273 Executing VM operation: G1CollectForAllocation (G1 Evacuation Pause) done
Event: 13.303 Executing VM operation: HandshakeAllThreads (Deoptimize)
Event: 13.303 Executing VM operation: HandshakeAllThreads (Deoptimize) done
Event: 13.347 Executing VM operation: G1CollectForAllocation (G1 Evacuation Pause)
Event: 13.352 Executing VM operation: G1CollectForAllocation (G1 Evacuation Pause) done
Event: 13.400 Executing VM operation: HandshakeAllThreads (Deoptimize)
Event: 13.401 Executing VM operation: HandshakeAllThreads (Deoptimize) done
Event: 13.536 Executing VM operation: G1CollectForAllocation (G1 Evacuation Pause)
Event: 13.543 Executing VM operation: G1CollectForAllocation (G1 Evacuation Pause) done
Event: 13.610 Executing VM operation: G1CollectForAllocation (G1 Evacuation Pause)

Memory protections (0 events):
No events

Nmethod flushes (20 events):
Event: 13.156 Thread 0x000001aaa49ee8e0 flushing  nmethod 0x000001aa91374f10
Event: 13.156 Thread 0x000001aaa49ee8e0 flushing  nmethod 0x000001aa90376d10
Event: 13.156 Thread 0x000001aaa49ee8e0 flushing  nmethod 0x000001aa90737690
Event: 13.156 Thread 0x000001aaa49ee8e0 flushing  nmethod 0x000001aa90879910
Event: 13.156 Thread 0x000001aaa49ee8e0 flushing  nmethod 0x000001aa908ed910
Event: 13.156 Thread 0x000001aaa49ee8e0 flushing  nmethod 0x000001aa908f1e10
Event: 13.156 Thread 0x000001aaa49ee8e0 flushing  nmethod 0x000001aa909c8290
Event: 13.156 Thread 0x000001aaa49ee8e0 flushing  nmethod 0x000001aa909f8690
Event: 13.156 Thread 0x000001aaa49ee8e0 flushing  nmethod 0x000001aa909fa910
Event: 13.156 Thread 0x000001aaa49ee8e0 flushing  nmethod 0x000001aa909fb990
Event: 13.156 Thread 0x000001aaa49ee8e0 flushing  nmethod 0x000001aa909fcb90
Event: 13.156 Thread 0x000001aaa49ee8e0 flushing  nmethod 0x000001aa90a2ba10
Event: 13.156 Thread 0x000001aaa49ee8e0 flushing  nmethod 0x000001aa90a81290
Event: 13.156 Thread 0x000001aaa49ee8e0 flushing  nmethod 0x000001aa90a85690
Event: 13.156 Thread 0x000001aaa49ee8e0 flushing  nmethod 0x000001aa90ea2310
Event: 13.156 Thread 0x000001aaa49ee8e0 flushing  nmethod 0x000001aa90ea4510
Event: 13.156 Thread 0x000001aaa49ee8e0 flushing  nmethod 0x000001aa91041510
Event: 13.156 Thread 0x000001aaa49ee8e0 flushing  nmethod 0x000001aa910f5610
Event: 13.156 Thread 0x000001aaa49ee8e0 flushing  nmethod 0x000001aa910f5d10
Event: 13.156 Thread 0x000001aaa49ee8e0 flushing  nmethod 0x000001aa91109b10

Events (20 events):
Event: 12.730 Thread 0x000001aab033a590 Thread added: 0x000001aab0dc7790
Event: 12.731 Thread 0x000001aab033a590 Thread added: 0x000001aab0dc9ef0
Event: 12.731 Thread 0x000001aab033a590 Thread added: 0x000001aab0dca580
Event: 12.731 Thread 0x000001aab033a590 Thread added: 0x000001aab0dc7100
Event: 12.732 Thread 0x000001aab033a590 Thread added: 0x000001aab0dcac10
Event: 12.733 Thread 0x000001aab033a590 Thread added: 0x000001aab0dcc650
Event: 12.733 Thread 0x000001aab033a590 Thread added: 0x000001aab0dcb2a0
Event: 12.733 Thread 0x000001aab033a590 Thread added: 0x000001aab0dcb930
Event: 12.734 Thread 0x000001aab033a590 Thread added: 0x000001aab0dcbfc0
Event: 12.914 Thread 0x000001aab033ccf0 Thread added: 0x000001aab0dccce0
Event: 12.914 Thread 0x000001aab033ccf0 Thread added: 0x000001aaabeed510
Event: 12.914 Thread 0x000001aab033ccf0 Thread added: 0x000001aaabeedba0
Event: 12.915 Thread 0x000001aab033ccf0 Thread added: 0x000001aaabeee230
Event: 12.915 Thread 0x000001aab033ccf0 Thread added: 0x000001aaabeeadb0
Event: 12.915 Thread 0x000001aab033ccf0 Thread added: 0x000001aaabeec7f0
Event: 12.916 Thread 0x000001aab033ccf0 Thread added: 0x000001aaabeec160
Event: 12.916 Thread 0x000001aab033ccf0 Thread added: 0x000001aaabeee8c0
Event: 12.916 Thread 0x000001aab033ccf0 Thread added: 0x000001aaabeeb440
Event: 12.916 Thread 0x000001aab033ccf0 Thread added: 0x000001aaabeeef50
Event: 12.917 Thread 0x000001aab033ccf0 Thread added: 0x000001aaabeebad0


Dynamic libraries:
0x00007ff6e35e0000 - 0x00007ff6e35ea000 	H:\android studio\jbr\bin\java.exe
0x00007ff877440000 - 0x00007ff8776a7000 	C:\WINDOWS\SYSTEM32\ntdll.dll
0x00007ff8761a0000 - 0x00007ff876269000 	C:\WINDOWS\System32\KERNEL32.DLL
0x00007ff873db0000 - 0x00007ff8741a1000 	C:\WINDOWS\System32\KERNELBASE.dll
0x00007ff874520000 - 0x00007ff87466b000 	C:\WINDOWS\System32\ucrtbase.dll
0x00007ff84d4e0000 - 0x00007ff84d4fb000 	H:\android studio\jbr\bin\VCRUNTIME140.dll
0x00007ff852170000 - 0x00007ff852188000 	H:\android studio\jbr\bin\jli.dll
0x00007ff8770f0000 - 0x00007ff8772b5000 	C:\WINDOWS\System32\USER32.dll
0x00007ff874670000 - 0x00007ff874697000 	C:\WINDOWS\System32\win32u.dll
0x00007ff85ac30000 - 0x00007ff85aec3000 	C:\WINDOWS\WinSxS\amd64_microsoft.windows.common-controls_6595b64144ccf1df_6.0.26100.8037_none_3e092faae333b53b\COMCTL32.dll
0x00007ff877320000 - 0x00007ff8773c9000 	C:\WINDOWS\System32\msvcrt.dll
0x00007ff876710000 - 0x00007ff87673b000 	C:\WINDOWS\System32\GDI32.dll
0x00007ff8743f0000 - 0x00007ff87451b000 	C:\WINDOWS\System32\gdi32full.dll
0x00007ff875130000 - 0x00007ff8751d3000 	C:\WINDOWS\System32\msvcp_win.dll
0x00007ff876060000 - 0x00007ff876091000 	C:\WINDOWS\System32\IMM32.DLL
0x00007ff86f6d0000 - 0x00007ff86f6dc000 	H:\android studio\jbr\bin\vcruntime140_1.dll
0x00007ff84e400000 - 0x00007ff84e48d000 	H:\android studio\jbr\bin\msvcp140.dll
0x00007fffe05e0000 - 0x00007fffe126a000 	H:\android studio\jbr\bin\server\jvm.dll
0x00007ff876390000 - 0x00007ff87644b000 	C:\WINDOWS\System32\ADVAPI32.dll
0x00007ff875fb0000 - 0x00007ff876057000 	C:\WINDOWS\System32\sechost.dll
0x00007ff876270000 - 0x00007ff876388000 	C:\WINDOWS\System32\RPCRT4.dll
0x00007ff8764e0000 - 0x00007ff876554000 	C:\WINDOWS\System32\WS2_32.dll
0x00007ff873ad0000 - 0x00007ff873b2e000 	C:\WINDOWS\SYSTEM32\POWRPROF.dll
0x00007ff8672f0000 - 0x00007ff867325000 	C:\WINDOWS\SYSTEM32\WINMM.dll
0x00007ff86e500000 - 0x00007ff86e50b000 	C:\WINDOWS\SYSTEM32\VERSION.dll
0x00007ff873ab0000 - 0x00007ff873ac4000 	C:\WINDOWS\SYSTEM32\UMPDC.dll
0x00007ff872ab0000 - 0x00007ff872acb000 	C:\WINDOWS\SYSTEM32\kernel.appcore.dll
0x00007ff86f660000 - 0x00007ff86f66a000 	H:\android studio\jbr\bin\jimage.dll
0x00007ff8677e0000 - 0x00007ff867a22000 	C:\WINDOWS\SYSTEM32\DBGHELP.DLL
0x00007ff875710000 - 0x00007ff875a92000 	C:\WINDOWS\System32\combase.dll
0x00007ff877010000 - 0x00007ff8770e7000 	C:\WINDOWS\System32\OLEAUT32.dll
0x00007ff852410000 - 0x00007ff85244b000 	C:\WINDOWS\SYSTEM32\dbgcore.DLL
0x00007ff875080000 - 0x00007ff875125000 	C:\WINDOWS\System32\bcryptPrimitives.dll
0x00007ff852160000 - 0x00007ff85216e000 	H:\android studio\jbr\bin\instrument.dll
0x00007ff84d3a0000 - 0x00007ff84d3c0000 	H:\android studio\jbr\bin\java.dll
0x00007ff848220000 - 0x00007ff848238000 	H:\android studio\jbr\bin\zip.dll
0x00007ff876810000 - 0x00007ff876f6f000 	C:\WINDOWS\System32\SHELL32.dll
0x00007ff874f10000 - 0x00007ff87507a000 	C:\WINDOWS\System32\wintypes.dll
0x00007ff8746a0000 - 0x00007ff874f04000 	C:\WINDOWS\System32\windows.storage.dll
0x00007ff8760a0000 - 0x00007ff876197000 	C:\WINDOWS\System32\SHCORE.dll
0x00007ff8756a0000 - 0x00007ff875707000 	C:\WINDOWS\System32\shlwapi.dll
0x00007ff873c40000 - 0x00007ff873c69000 	C:\WINDOWS\SYSTEM32\profapi.dll
0x00007ff859c70000 - 0x00007ff859c80000 	H:\android studio\jbr\bin\net.dll
0x00007ff86e360000 - 0x00007ff86e487000 	C:\WINDOWS\SYSTEM32\WINHTTP.dll
0x00007ff873020000 - 0x00007ff87308b000 	C:\WINDOWS\system32\mswsock.dll
0x00007ff848200000 - 0x00007ff848216000 	H:\android studio\jbr\bin\nio.dll
0x00007ff852b20000 - 0x00007ff852b30000 	H:\android studio\jbr\bin\verify.dll
0x00007ff848510000 - 0x00007ff848537000 	C:\Users\hashi\.gradle\native\c067742578af261105cb4f569cf0c3c89f3d7b1fecec35dd04571415982c5e48\windows-amd64\native-platform.dll
0x00007ffff3980000 - 0x00007ffff3ac4000 	C:\Users\hashi\.gradle\native\100fb08df4bc3b14c8652ba06237920a3bd2aa13389f12d3474272988ae205f9\windows-amd64\native-platform-file-events.dll
0x00007ff852db0000 - 0x00007ff852db9000 	H:\android studio\jbr\bin\management.dll
0x00007ff852af0000 - 0x00007ff852afb000 	H:\android studio\jbr\bin\management_ext.dll
0x00007ff8764d0000 - 0x00007ff8764d8000 	C:\WINDOWS\System32\PSAPI.DLL
0x00007ff873310000 - 0x00007ff87332b000 	C:\WINDOWS\SYSTEM32\CRYPTSP.dll
0x00007ff872a10000 - 0x00007ff872a49000 	C:\WINDOWS\system32\rsaenh.dll
0x00007ff8730d0000 - 0x00007ff873102000 	C:\WINDOWS\SYSTEM32\USERENV.dll
0x00007ff873c10000 - 0x00007ff873c3a000 	C:\WINDOWS\SYSTEM32\bcrypt.dll
0x00007ff873300000 - 0x00007ff87330c000 	C:\WINDOWS\SYSTEM32\CRYPTBASE.dll
0x00007ff8723e0000 - 0x00007ff872413000 	C:\WINDOWS\SYSTEM32\IPHLPAPI.DLL
0x00007ff875690000 - 0x00007ff87569a000 	C:\WINDOWS\System32\NSI.dll
0x00007ff857b60000 - 0x00007ff857b69000 	H:\android studio\jbr\bin\extnet.dll
0x00007ffff5b10000 - 0x00007ffff5b18000 	C:\WINDOWS\system32\wshunix.dll
0x00007ff831690000 - 0x00007ff8316a8000 	C:\WINDOWS\system32\napinsp.dll
0x00007ff872500000 - 0x00007ff87262a000 	C:\WINDOWS\SYSTEM32\DNSAPI.dll
0x00007ff831190000 - 0x00007ff8311a2000 	C:\WINDOWS\System32\winrnr.dll
0x00007ff8314e0000 - 0x00007ff831502000 	C:\WINDOWS\system32\nlansp_c.dll
0x00007ff84bca0000 - 0x00007ff84bcb6000 	C:\WINDOWS\system32\wshbth.dll
0x00007ff8684c0000 - 0x00007ff8684cb000 	C:\Windows\System32\rasadhlp.dll
0x00007ff86db20000 - 0x00007ff86dba6000 	C:\WINDOWS\System32\fwpuclnt.dll

dbghelp: loaded successfully - version: 4.0.5 - missing functions: none
symbol engine: initialized successfully - sym options: 0x614 - pdb path: .;H:\android studio\jbr\bin;C:\WINDOWS\SYSTEM32;C:\WINDOWS\WinSxS\amd64_microsoft.windows.common-controls_6595b64144ccf1df_6.0.26100.8037_none_3e092faae333b53b;H:\android studio\jbr\bin\server;C:\Users\hashi\.gradle\native\c067742578af261105cb4f569cf0c3c89f3d7b1fecec35dd04571415982c5e48\windows-amd64;C:\Users\hashi\.gradle\native\100fb08df4bc3b14c8652ba06237920a3bd2aa13389f12d3474272988ae205f9\windows-amd64

VM Arguments:
jvm_args: --add-opens=java.base/java.lang=ALL-UNNAMED --add-opens=java.base/java.lang.invoke=ALL-UNNAMED --add-opens=java.base/java.util=ALL-UNNAMED --add-opens=java.prefs/java.util.prefs=ALL-UNNAMED --add-exports=jdk.compiler/com.sun.tools.javac.api=ALL-UNNAMED --add-exports=jdk.compiler/com.sun.tools.javac.util=ALL-UNNAMED --add-opens=java.base/java.util=ALL-UNNAMED --add-opens=java.prefs/java.util.prefs=ALL-UNNAMED --add-opens=java.base/java.nio.charset=ALL-UNNAMED --add-opens=java.base/java.net=ALL-UNNAMED --add-opens=java.base/java.util.concurrent.atomic=ALL-UNNAMED --add-opens=java.xml/javax.xml.namespace=ALL-UNNAMED -Xmx2048m -Dfile.encoding=UTF-8 -Duser.country=US -Duser.language=en -Duser.variant -javaagent:C:\Users\hashi\.gradle\wrapper\dists\gradle-8.11.1-bin\bpt9gzteqjrbo1mjrsomdt32c\gradle-8.11.1\lib\agents\gradle-instrumentation-agent-8.11.1.jar 
java_command: org.gradle.launcher.daemon.bootstrap.GradleDaemon 8.11.1
java_class_path (initial): C:\Users\hashi\.gradle\wrapper\dists\gradle-8.11.1-bin\bpt9gzteqjrbo1mjrsomdt32c\gradle-8.11.1\lib\gradle-daemon-main-8.11.1.jar
Launcher Type: SUN_STANDARD

[Global flags]
     intx CICompilerCount                          = 4                                         {product} {ergonomic}
     uint ConcGCThreads                            = 3                                         {product} {ergonomic}
     uint G1ConcRefinementThreads                  = 10                                        {product} {ergonomic}
   size_t G1HeapRegionSize                         = 1048576                                   {product} {ergonomic}
    uintx GCDrainStackTargetSize                   = 64                                        {product} {ergonomic}
   size_t InitialHeapSize                          = 268435456                                 {product} {ergonomic}
   size_t MarkStackSize                            = 4194304                                   {product} {ergonomic}
   size_t MaxHeapSize                              = 2147483648                                {product} {command line}
   size_t MaxNewSize                               = 1287651328                                {product} {ergonomic}
   size_t MinHeapDeltaBytes                        = 1048576                                   {product} {ergonomic}
   size_t MinHeapSize                              = 8388608                                   {product} {ergonomic}
    uintx NonNMethodCodeHeapSize                   = 5839372                                {pd product} {ergonomic}
    uintx NonProfiledCodeHeapSize                  = 122909434                              {pd product} {ergonomic}
    uintx ProfiledCodeHeapSize                     = 122909434                              {pd product} {ergonomic}
    uintx ReservedCodeCacheSize                    = 251658240                              {pd product} {ergonomic}
     bool SegmentedCodeCache                       = true                                      {product} {ergonomic}
   size_t SoftMaxHeapSize                          = 2147483648                             {manageable} {ergonomic}
     bool UseCompressedOops                        = true                           {product lp64_product} {ergonomic}
     bool UseG1GC                                  = true                                      {product} {ergonomic}
     bool UseLargePagesIndividualAllocation        = false                                  {pd product} {ergonomic}

Logging:
Log output configuration:
 #0: stdout all=warning uptime,level,tags foldmultilines=false
 #1: stderr all=off uptime,level,tags foldmultilines=false

Environment Variables:
PATH=C:\WINDOWS\system32;C:\WINDOWS;C:\WINDOWS\System32\Wbem;C:\WINDOWS\System32\WindowsPowerShell\v1.0\;C:\WINDOWS\System32\OpenSSH\;C:\Program Files (x86)\NVIDIA Corporation\PhysX\Common;C:\Program Files\NVIDIA Corporation\NVIDIA App\NvDLISR;C:\Users\hashi\AppData\Local\Microsoft\WindowsApps;
USERNAME=hashi
OS=Windows_NT
PROCESSOR_IDENTIFIER=AMD64 Family 23 Model 8 Stepping 2, AuthenticAMD
TMP=C:\Users\hashi\AppData\Local\Temp
TEMP=C:\Users\hashi\AppData\Local\Temp




Periodic native trim disabled

JNI global refs:
JNI global refs: 32, weak refs: 52

JNI global refs memory usage: 835, weak refs: 833

Process memory usage:
Resident Set Size: 601604K (3% of 16703756K total physical memory with 3552284K free physical memory)

OOME stack traces (most recent first):
Classloader memory used:
Loader org.gradle.internal.classloader.VisitableURLClassLoader                         : 41730K
Loader org.gradle.internal.classloader.VisitableURLClassLoader$InstrumentingVisitableURLClassLoader: 36235K
Loader bootstrap                                                                       : 29393K
Loader org.gradle.initialization.MixInLegacyTypesClassLoader                           : 11876K
Loader jdk.internal.loader.ClassLoaders$PlatformClassLoader                            : 510K
Loader jdk.internal.reflect.DelegatingClassLoader                                      : 372K
Loader jdk.internal.loader.ClassLoaders$AppClassLoader                                 : 235K
Loader org.gradle.internal.classloader.VisitableURLClassLoader                         : 213K

Classes loaded by more than one classloader:
Class Program                                                                         : loaded 5 times (x 68B)
Class Build_gradle                                                                    : loaded 3 times (x 126B)
Class Build_gradle$1                                                                  : loaded 3 times (x 70B)
Class org.gradle.internal.classloader.FilteringClassLoader                            : loaded 2 times (x 101B)
Class [Lcom.google.common.base.AbstractIterator$State;                                : loaded 2 times (x 65B)
Class com.google.common.base.CharMatcher$IsEither                                     : loaded 2 times (x 107B)
Class org.gradle.internal.classloader.ClassLoaderHierarchy                            : loaded 2 times (x 66B)
Class com.google.common.collect.ImmutableEnumSet                                      : loaded 2 times (x 142B)
Class com.google.common.util.concurrent.ExecutionError                                : loaded 2 times (x 78B)
Class com.google.common.collect.ImmutableList$1                                       : loaded 2 times (x 93B)
Class org.gradle.api.internal.classpath.ManifestUtil                                  : loaded 2 times (x 67B)
Class com.google.common.io.ByteArrayDataOutput                                        : loaded 2 times (x 66B)
Class com.google.common.collect.RegularImmutableMap                                   : loaded 2 times (x 117B)
Class com.google.common.collect.ImmutableMap$MapViewOfValuesAsSingletonSets           : loaded 2 times (x 121B)
Class [Lorg.objectweb.asm.Symbol;                                                     : loaded 2 times (x 65B)
Class org.objectweb.asm.ClassVisitor                                                  : loaded 2 times (x 84B)
Class com.google.common.collect.UnmodifiableListIterator                              : loaded 2 times (x 91B)
Class com.google.common.base.Platform$JdkPatternCompiler                              : loaded 2 times (x 71B)
Class org.objectweb.asm.MethodTooLargeException                                       : loaded 2 times (x 79B)
Class [Lcom.google.common.cache.CacheBuilder$OneWeigher;                              : loaded 2 times (x 65B)
Class com.google.common.base.Suppliers                                                : loaded 2 times (x 67B)
Class org.gradle.internal.classloader.DefaultClassLoaderFactory                       : loaded 2 times (x 78B)
Class com.google.common.base.CharMatcher$None                                         : loaded 2 times (x 108B)
Class org.gradle.internal.classloader.ClassLoaderVisitor                              : loaded 2 times (x 72B)
Class [Lcom.google.common.collect.ImmutableMapEntry;                                  : loaded 2 times (x 65B)
Class org.gradle.api.internal.classpath.EffectiveClassPath                            : loaded 2 times (x 86B)
Class com.google.common.collect.ImmutableRangeSet                                     : loaded 2 times (x 111B)
Class com.google.common.collect.ImmutableEnumMap                                      : loaded 2 times (x 121B)
Class com.google.common.collect.ListMultimap                                          : loaded 2 times (x 66B)
Class com.google.common.collect.Sets$1                                                : loaded 2 times (x 135B)
Class org.objectweb.asm.AnnotationVisitor                                             : loaded 2 times (x 74B)
Class com.google.common.base.Splitter                                                 : loaded 2 times (x 68B)
Class org.gradle.api.internal.DefaultClassPathProvider                                : loaded 2 times (x 72B)
Class com.google.common.collect.Sets$2                                                : loaded 2 times (x 135B)
Class [Lorg.gradle.api.internal.ClassPathProvider;                                    : loaded 2 times (x 65B)
Class org.gradle.api.internal.ClassPathProvider                                       : loaded 2 times (x 66B)
Class [Lorg.objectweb.asm.AnnotationVisitor;                                          : loaded 2 times (x 65B)
Class com.google.common.collect.Sets$3                                                : loaded 2 times (x 135B)
Class com.google.common.util.concurrent.AbstractFuture$SafeAtomicHelper               : loaded 2 times (x 75B)
Class com.google.common.cache.LocalCache$LocalLoadingCache                            : loaded 2 times (x 130B)
Class com.google.common.base.AbstractIterator$State                                   : loaded 2 times (x 75B)
Class org.gradle.internal.service.UnknownServiceException                             : loaded 2 times (x 79B)
Class com.google.common.io.ByteArrayDataInput                                         : loaded 2 times (x 66B)
Class com.google.common.collect.Sets$4                                                : loaded 2 times (x 135B)
Class org.objectweb.asm.ModuleVisitor                                                 : loaded 2 times (x 77B)
Class com.google.common.cache.LocalCache$Strength$1                                   : loaded 2 times (x 77B)
Class com.google.common.util.concurrent.SettableFuture                                : loaded 2 times (x 110B)
Class com.google.common.cache.LocalCache$Strength$2                                   : loaded 2 times (x 77B)
Class com.google.common.io.ByteStreams                                                : loaded 2 times (x 67B)
Class com.google.common.cache.LocalCache$Strength$3                                   : loaded 2 times (x 77B)
Class com.google.common.collect.MapDifference                                         : loaded 2 times (x 66B)
Class com.google.common.base.Splitter$1                                               : loaded 2 times (x 73B)
Class org.objectweb.asm.FieldWriter                                                   : loaded 2 times (x 74B)
Class com.google.common.cache.CacheBuilder$NullListener                               : loaded 2 times (x 78B)
Class org.gradle.internal.classpath.TransformedClassPath                              : loaded 2 times (x 92B)
Class org.gradle.internal.classloader.InstrumentingClassLoader                        : loaded 2 times (x 66B)
Class com.google.common.collect.ImmutableRangeSet$AsSet                               : loaded 2 times (x 295B)
Class com.google.common.cache.CacheLoader$FunctionToCacheLoader                       : loaded 2 times (x 71B)
Class com.google.common.collect.Iterators$ArrayItr                                    : loaded 2 times (x 93B)
Class com.google.common.collect.ImmutableCollection$Builder                           : loaded 2 times (x 72B)
Class com.google.common.base.Joiner                                                   : loaded 2 times (x 75B)
Class com.google.common.base.MoreObjects                                              : loaded 2 times (x 67B)
Class [Lorg.objectweb.asm.Type;                                                       : loaded 2 times (x 65B)
Class com.google.common.collect.Platform                                              : loaded 2 times (x 67B)
Class com.google.common.collect.UnmodifiableIterator                                  : loaded 2 times (x 76B)
Class org.gradle.internal.service.ServiceLocator                                      : loaded 2 times (x 66B)
Class com.google.common.base.Ascii                                                    : loaded 2 times (x 67B)
Class com.google.common.collect.SingletonImmutableBiMap                               : loaded 2 times (x 139B)
Class com.google.common.cache.LocalCache$1                                            : loaded 2 times (x 85B)
Class com.google.common.collect.AbstractMapEntry                                      : loaded 2 times (x 77B)
Class com.google.common.collect.Sets$ImprovedAbstractSet                              : loaded 2 times (x 131B)
Class com.google.common.collect.ImmutableList$Builder                                 : loaded 2 times (x 73B)
Class com.google.common.cache.LocalCache$2                                            : loaded 2 times (x 138B)
Class com.google.common.collect.AbstractMultimap                                      : loaded 2 times (x 119B)
Class com.google.common.collect.ImmutableRangeSet$1                                   : loaded 2 times (x 205B)
Class com.google.common.util.concurrent.AbstractFuture$UnsafeAtomicHelper$1           : loaded 2 times (x 72B)
Class com.google.common.collect.RegularImmutableAsList                                : loaded 2 times (x 212B)
Class com.google.common.collect.Range                                                 : loaded 2 times (x 83B)
Class com.google.common.util.concurrent.AbstractFuture$Trusted                        : loaded 2 times (x 66B)
Class com.google.common.collect.Iterators                                             : loaded 2 times (x 67B)
Class com.google.common.base.CharMatcher$RangesMatcher                                : loaded 2 times (x 108B)
Class com.google.common.util.concurrent.UncheckedExecutionException                   : loaded 2 times (x 78B)
Class com.google.common.collect.Lists$StringAsImmutableList                           : loaded 2 times (x 203B)
Class org.gradle.kotlin.dsl.VersionCatalogAccessorsKt                                 : loaded 2 times (x 67B)
Class com.google.common.collect.ImmutableSortedSetFauxverideShim                      : loaded 2 times (x 143B)
Class com.google.common.base.CharMatcher$JavaLetterOrDigit                            : loaded 2 times (x 107B)
Class org.gradle.internal.InternalTransformer                                         : loaded 2 times (x 66B)
Class com.google.common.collect.AbstractMapBasedMultimap$KeySet$1                     : loaded 2 times (x 78B)
Class org.objectweb.asm.ClassWriter                                                   : loaded 2 times (x 102B)
Class com.google.common.cache.CacheLoader$UnsupportedLoadingOperationException        : loaded 2 times (x 78B)
Class com.google.common.base.CharMatcher$And                                          : loaded 2 times (x 108B)
Class org.gradle.internal.classloader.ClasspathUtil$1                                 : loaded 2 times (x 72B)
Class org.objectweb.asm.FieldVisitor                                                  : loaded 2 times (x 73B)
Class com.google.common.collect.IndexedImmutableSet                                   : loaded 2 times (x 146B)
Class com.google.common.collect.ImmutableMap$1                                        : loaded 2 times (x 77B)
Class com.google.common.collect.BiMap                                                 : loaded 2 times (x 66B)
Class org.gradle.api.internal.classpath.DefaultModuleRegistry$DefaultModule           : loaded 2 times (x 82B)
Class com.google.common.primitives.Ints                                               : loaded 2 times (x 67B)
Class com.google.common.collect.AbstractIterator                                      : loaded 2 times (x 78B)
Class com.google.common.math.MathPreconditions                                        : loaded 2 times (x 67B)
Class com.google.common.collect.RegularImmutableMap$KeySet                            : loaded 2 times (x 146B)
Class com.google.common.collect.ArrayListMultimapGwtSerializationDependencies         : loaded 2 times (x 168B)
Class com.google.common.collect.ObjectArrays                                          : loaded 2 times (x 67B)
Class com.google.common.collect.AbstractIndexedListIterator                           : loaded 2 times (x 92B)
Class com.google.common.collect.ImmutableMapEntrySet                                  : loaded 2 times (x 147B)
Class org.gradle.api.internal.classpath.Module                                        : loaded 2 times (x 66B)
Class com.google.common.cache.Weigher                                                 : loaded 2 times (x 66B)
Class org.gradle.api.internal.classpath.UnknownModuleException                        : loaded 2 times (x 78B)
Class com.google.common.base.Stopwatch                                                : loaded 2 times (x 68B)
Class com.google.common.cache.LocalCache$Strength                                     : loaded 2 times (x 77B)
Class com.google.common.cache.Cache                                                   : loaded 2 times (x 66B)
Class com.google.common.util.concurrent.AbstractFuture$Cancellation                   : loaded 2 times (x 68B)
Class com.google.common.collect.ImmutableMap$Builder                                  : loaded 2 times (x 78B)
Class com.google.common.base.NullnessCasts                                            : loaded 2 times (x 67B)
Class com.google.common.cache.RemovalListener                                         : loaded 2 times (x 66B)
Class org.gradle.api.internal.DefaultClassPathRegistry                                : loaded 2 times (x 72B)
Class com.google.common.primitives.IntsMethodsForWeb                                  : loaded 2 times (x 67B)
Class com.google.common.collect.Multimap                                              : loaded 2 times (x 66B)
Class org.gradle.api.internal.ClassPathRegistry                                       : loaded 2 times (x 66B)
Class org.gradle.internal.classpath.DefaultClassPath$ImmutableUniqueList              : loaded 2 times (x 195B)
Class com.google.common.base.Equivalence$Identity                                     : loaded 2 times (x 78B)
Class com.google.common.cache.CacheBuilder                                            : loaded 2 times (x 68B)
Class com.google.common.collect.SingletonImmutableList                                : loaded 2 times (x 203B)
Class Settings_gradle$1                                                               : loaded 2 times (x 70B)
Class org.gradle.internal.classpath.ClassPath                                         : loaded 2 times (x 66B)
Class org.gradle.api.UncheckedIOException                                             : loaded 2 times (x 78B)
Class com.google.common.collect.ImmutableList$ReverseImmutableList                    : loaded 2 times (x 204B)
Class com.google.common.base.JdkPattern                                               : loaded 2 times (x 71B)
Class org.objectweb.asm.SymbolTable$Entry                                             : loaded 2 times (x 70B)
Class com.google.common.util.concurrent.AbstractFuture$AtomicHelper                   : loaded 2 times (x 74B)
Class org.objectweb.asm.Edge                                                          : loaded 2 times (x 68B)
Class com.google.common.base.Suppliers$SupplierOfInstance                             : loaded 2 times (x 75B)
Class com.google.common.collect.Iterators$1                                           : loaded 2 times (x 77B)
Class com.google.common.cache.LocalCache$ComputingValueReference                      : loaded 2 times (x 92B)
Class com.google.common.collect.SingletonImmutableSet                                 : loaded 2 times (x 142B)
Class com.google.common.collect.ImmutableMap$IteratorBasedImmutableMap                : loaded 2 times (x 121B)
Class com.google.common.cache.LocalCache$Segment                                      : loaded 2 times (x 150B)
Class com.google.common.collect.SortedIterable                                        : loaded 2 times (x 66B)
Class [Lorg.objectweb.asm.SymbolTable$Entry;                                          : loaded 2 times (x 65B)
Class com.google.common.cache.CacheLoader                                             : loaded 2 times (x 70B)
Class com.google.common.collect.Iterators$4                                           : loaded 2 times (x 78B)
Class com.google.common.collect.ImmutableBiMap                                        : loaded 2 times (x 139B)
Class com.google.common.collect.AbstractListMultimap                                  : loaded 2 times (x 168B)
Class org.gradle.internal.installation.GradleInstallation$1                           : loaded 2 times (x 71B)
Class org.gradle.api.internal.classpath.ModuleRegistry                                : loaded 2 times (x 66B)
Class com.google.common.util.concurrent.internal.InternalFutureFailureAccess          : loaded 2 times (x 68B)
Class com.google.common.collect.Iterators$5                                           : loaded 2 times (x 78B)
Class com.google.common.collect.ImmutableSet$JdkBackedSetBuilderImpl                  : loaded 2 times (x 72B)
Class com.google.common.base.Splitter$SplittingIterator                               : loaded 2 times (x 80B)
Class com.google.common.io.Closer$SuppressingSuppressor                               : loaded 2 times (x 71B)
Class com.google.common.util.concurrent.AbstractFuture$UnsafeAtomicHelper             : loaded 2 times (x 74B)
Class com.google.common.cache.LocalCache$LocalManualCache$1                           : loaded 2 times (x 71B)
Class com.google.common.base.CharMatcher$ForPredicate                                 : loaded 2 times (x 108B)
Class com.google.common.collect.ImmutableCollection                                   : loaded 2 times (x 121B)
Class com.google.common.base.CharMatcher$AnyOf                                        : loaded 2 times (x 108B)
Class org.gradle.api.internal.classpath.DefaultModuleRegistry                         : loaded 2 times (x 82B)
Class com.google.common.util.concurrent.ListenableFuture                              : loaded 2 times (x 66B)
Class com.google.common.cache.ReferenceEntry                                          : loaded 2 times (x 66B)
Class com.google.common.collect.ImmutableSet$CachingAsList                            : loaded 2 times (x 143B)
Class com.google.common.base.Converter                                                : loaded 2 times (x 86B)
Class com.google.common.collect.Lists                                                 : loaded 2 times (x 67B)
Class com.google.common.base.CharMatcher$Any                                          : loaded 2 times (x 108B)
Class com.google.common.util.concurrent.AbstractFuture                                : loaded 2 times (x 102B)
Class com.google.common.base.FunctionalEquivalence                                    : loaded 2 times (x 79B)
Class com.google.common.collect.Iterators$9                                           : loaded 2 times (x 77B)
Class com.google.common.collect.AbstractMapBasedMultimap                              : loaded 2 times (x 135B)
Class com.google.common.collect.ImmutableAsList                                       : loaded 2 times (x 205B)
Class org.objectweb.asm.RecordComponentVisitor                                        : loaded 2 times (x 73B)
Class com.google.common.cache.CacheLoader$SupplierToCacheLoader                       : loaded 2 times (x 71B)
Class com.google.common.collect.Maps$EntryTransformer                                 : loaded 2 times (x 66B)
Class org.gradle.internal.service.ServiceLookupException                              : loaded 2 times (x 78B)
Class com.google.common.collect.ImmutableSortedSet                                    : loaded 2 times (x 295B)
Class [Lcom.google.common.cache.LocalCache$EntryFactory;                              : loaded 2 times (x 65B)
Class com.google.common.base.CharMatcher$JavaLetter                                   : loaded 2 times (x 107B)
Class org.gradle.internal.classloader.ClassLoaderFactory                              : loaded 2 times (x 66B)
Class com.google.common.cache.LocalCache$LocalManualCache                             : loaded 2 times (x 95B)
Class com.google.common.base.CharMatcher$IsNot                                        : loaded 2 times (x 107B)
Class com.google.common.base.CommonPattern                                            : loaded 2 times (x 70B)
Class org.gradle.internal.service.CachingServiceLocator                               : loaded 2 times (x 78B)
Class com.google.common.collect.AbstractMapBasedMultimap$KeySet                       : loaded 2 times (x 133B)
Class com.google.common.collect.RegularImmutableSortedSet                             : loaded 2 times (x 295B)
Class com.google.common.math.IntMath                                                  : loaded 2 times (x 67B)
Class com.google.common.collect.Iterators$10                                          : loaded 2 times (x 77B)
Class com.google.common.collect.ImmutableMapEntry                                     : loaded 2 times (x 81B)
Class com.google.common.base.CharMatcher$JavaDigit                                    : loaded 2 times (x 107B)
Class com.google.common.base.Equivalence                                              : loaded 2 times (x 78B)
Class com.google.common.collect.ImmutableMapEntry$NonTerminalImmutableMapEntry        : loaded 2 times (x 81B)
Class com.google.common.base.Function                                                 : loaded 2 times (x 66B)
Class com.google.common.cache.CacheBuilder$OneWeigher                                 : loaded 2 times (x 78B)
Class com.google.common.collect.RegularImmutableList                                  : loaded 2 times (x 208B)
Class com.google.common.collect.ImmutableBiMapFauxverideShim                          : loaded 2 times (x 116B)
Class org.gradle.internal.classloader.ClasspathUtil                                   : loaded 2 times (x 67B)
Class com.google.common.base.Charsets                                                 : loaded 2 times (x 67B)
Class com.google.common.util.concurrent.Uninterruptibles                              : loaded 2 times (x 67B)
Class com.google.common.collect.Maps                                                  : loaded 2 times (x 67B)
Class com.google.common.base.CharMatcher$JavaUpperCase                                : loaded 2 times (x 107B)
Class org.gradle.api.specs.Spec                                                       : loaded 2 times (x 66B)
Class [Lcom.google.common.collect.ImmutableEntry;                                     : loaded 2 times (x 65B)
Class com.google.common.cache.LocalCache$LoadingValueReference                        : loaded 2 times (x 92B)
Class com.google.common.collect.Multiset                                              : loaded 2 times (x 66B)
Class com.google.common.base.Platform                                                 : loaded 2 times (x 67B)
Class [Lorg.objectweb.asm.AnnotationWriter;                                           : loaded 2 times (x 65B)
Class com.google.common.primitives.Ints$IntConverter                                  : loaded 2 times (x 86B)
Class com.google.common.collect.Maps$8                                                : loaded 2 times (x 78B)
Class com.google.common.collect.ImmutableRangeSet$Builder                             : loaded 2 times (x 73B)
Class com.google.common.collect.Sets$SetView                                          : loaded 2 times (x 134B)
Class com.google.common.cache.LocalCache$StrongValueReference                         : loaded 2 times (x 86B)
Class com.google.common.util.concurrent.AbstractFuture$SynchronizedHelper             : loaded 2 times (x 74B)
Class com.google.common.base.CharMatcher$Invisible                                    : loaded 2 times (x 108B)
Class org.objectweb.asm.Type                                                          : loaded 2 times (x 68B)
Class org.gradle.internal.classloader.VisitableURLClassLoader$InstrumentingVisitableURLClassLoader: loaded 2 times (x 119B)
Class org.objectweb.asm.ByteVector                                                    : loaded 2 times (x 75B)
Class [Lcom.google.common.cache.CacheBuilder$NullListener;                            : loaded 2 times (x 65B)
Class com.google.common.math.IntMath$1                                                : loaded 2 times (x 67B)
Class org.gradle.internal.classloader.VisitableURLClassLoader$Spec                    : loaded 2 times (x 70B)
Class org.gradle.internal.classpath.DefaultClassPath                                  : loaded 2 times (x 86B)
Class org.objectweb.asm.Symbol                                                        : loaded 2 times (x 69B)
Class com.google.common.base.AbstractIterator                                         : loaded 2 times (x 76B)
Class com.google.common.io.Closer                                                     : loaded 2 times (x 74B)
Class com.google.common.collect.RegularImmutableMap$Values                            : loaded 2 times (x 203B)
Class com.google.common.collect.ImmutableSet                                          : loaded 2 times (x 141B)
Class com.google.common.base.CharMatcher$BitSetMatcher                                : loaded 2 times (x 108B)
Class com.google.common.base.CharMatcher$Ascii                                        : loaded 2 times (x 108B)
Class org.gradle.internal.classloader.ClassLoaderSpec                                 : loaded 2 times (x 67B)
Class org.objectweb.asm.AnnotationWriter                                              : loaded 2 times (x 75B)
Class com.google.common.cache.CacheStats                                              : loaded 2 times (x 67B)
Class com.google.common.io.Closer$Suppressor                                          : loaded 2 times (x 66B)
Class org.objectweb.asm.RecordComponentWriter                                         : loaded 2 times (x 74B)
Class com.google.common.util.concurrent.AbstractFuture$Listener                       : loaded 2 times (x 68B)
Class com.google.common.base.CharMatcher$Or                                           : loaded 2 times (x 108B)
Class Settings_gradle$1$1                                                             : loaded 2 times (x 70B)
Class org.objectweb.asm.Attribute                                                     : loaded 2 times (x 73B)
Class com.google.common.base.Supplier                                                 : loaded 2 times (x 66B)
Class org.gradle.internal.classloader.VisitableURLClassLoader                         : loaded 2 times (x 113B)
Class com.google.common.util.concurrent.AbstractFuture$Waiter                         : loaded 2 times (x 68B)
Class Settings_gradle                                                                 : loaded 2 times (x 124B)
Class org.gradle.internal.Cast                                                        : loaded 2 times (x 67B)
Class org.gradle.api.Action                                                           : loaded 2 times (x 66B)
Class com.google.common.base.Strings                                                  : loaded 2 times (x 67B)
Class com.google.common.collect.Sets                                                  : loaded 2 times (x 67B)
Class org.objectweb.asm.Handler                                                       : loaded 2 times (x 68B)
Class com.google.common.base.Ticker                                                   : loaded 2 times (x 68B)
Class com.google.common.base.CharMatcher$FastMatcher                                  : loaded 2 times (x 107B)
Class [Lcom.google.common.cache.LocalCache$Segment;                                   : loaded 2 times (x 65B)
Class [Lcom.google.common.cache.LocalCache$Strength;                                  : loaded 2 times (x 65B)
Class com.google.common.cache.CacheBuilder$1                                          : loaded 2 times (x 81B)
Class com.google.common.collect.ImmutableMap                                          : loaded 2 times (x 116B)
Class com.google.common.base.Predicate                                                : loaded 2 times (x 66B)
Class org.gradle.internal.classpath.DefaultClassPath$ImmutableUniqueList$Builder      : loaded 2 times (x 71B)
Class com.google.common.collect.AbstractRangeSet                                      : loaded 2 times (x 110B)
Class com.google.common.cache.LocalCache                                              : loaded 2 times (x 183B)
Class com.google.common.cache.CacheBuilder$2                                          : loaded 2 times (x 68B)
Class com.google.common.base.CharMatcher$NegatedFastMatcher                           : loaded 2 times (x 109B)
Class [Lcom.google.common.collect.AbstractMapEntry;                                   : loaded 2 times (x 65B)
Class com.google.common.collect.ImmutableEntry                                        : loaded 2 times (x 78B)
Class com.google.common.collect.ArrayListMultimap                                     : loaded 2 times (x 168B)
Class com.google.common.base.AbstractIterator$1                                       : loaded 2 times (x 67B)
Class com.google.common.base.CharMatcher$Digit                                        : loaded 2 times (x 108B)
Class org.gradle.api.GradleException                                                  : loaded 2 times (x 78B)
Class com.google.common.base.Suppliers$MemoizingSupplier                              : loaded 2 times (x 75B)
Class com.google.common.collect.CollectPreconditions                                  : loaded 2 times (x 67B)
Class com.google.common.base.CharMatcher$JavaIsoControl                               : loaded 2 times (x 108B)
Class com.google.common.collect.SortedMapDifference                                   : loaded 2 times (x 66B)
Class com.google.common.base.CharMatcher$JavaLowerCase                                : loaded 2 times (x 107B)
Class com.google.common.cache.LocalCache$EntryFactory                                 : loaded 2 times (x 79B)
Class com.google.common.cache.LocalCache$AbstractReferenceEntry                       : loaded 2 times (x 103B)
Class com.google.common.base.Splitter$1$1                                             : loaded 2 times (x 82B)
Class com.google.common.base.CharMatcher$Whitespace                                   : loaded 2 times (x 108B)
Class org.gradle.internal.IoActions                                                   : loaded 2 times (x 67B)
Class com.google.common.collect.ImmutableRangeSet$ComplementRanges                    : loaded 2 times (x 203B)
Class org.objectweb.asm.SymbolTable                                                   : loaded 2 times (x 68B)
Class com.google.common.cache.CacheLoader$InvalidCacheLoadException                   : loaded 2 times (x 78B)
Class com.google.common.collect.ImmutableSet$RegularSetBuilderImpl                    : loaded 2 times (x 73B)
Class com.google.common.base.CharMatcher$SingleWidth                                  : loaded 2 times (x 108B)
Class org.gradle.internal.classloader.SystemClassLoaderSpec                           : loaded 2 times (x 67B)
Class com.google.common.cache.LocalCache$StrongEntry                                  : loaded 2 times (x 104B)
Class com.google.common.util.concurrent.AbstractFuture$TrustedFuture                  : loaded 2 times (x 110B)
Class com.google.common.cache.LoadingCache                                            : loaded 2 times (x 66B)
Class com.google.common.io.ByteStreams$LimitedInputStream                             : loaded 2 times (x 88B)
Class com.google.common.base.Suppliers$NonSerializableMemoizingSupplier               : loaded 2 times (x 75B)
Class org.objectweb.asm.MethodWriter                                                  : loaded 2 times (x 102B)
Class [Lcom.google.common.cache.Weigher;                                              : loaded 2 times (x 65B)
Class com.google.common.collect.RegularImmutableMap$BucketOverflowException           : loaded 2 times (x 78B)
Class com.google.common.collect.RegularImmutableBiMap                                 : loaded 2 times (x 144B)
Class com.google.common.cache.LocalCache$ValueReference                               : loaded 2 times (x 66B)
Class com.google.common.base.CharMatcher$Negated                                      : loaded 2 times (x 109B)
Class com.google.common.base.CharMatcher$Is                                           : loaded 2 times (x 107B)
Class com.google.common.base.PatternCompiler                                          : loaded 2 times (x 66B)
Class com.google.common.util.concurrent.AbstractFuture$Failure                        : loaded 2 times (x 68B)
Class com.google.common.base.Equivalence$Equals                                       : loaded 2 times (x 78B)
Class com.google.common.collect.Hashing                                               : loaded 2 times (x 67B)
Class com.google.common.base.Preconditions                                            : loaded 2 times (x 67B)
Class com.google.common.base.Joiner$1                                                 : loaded 2 times (x 76B)
Class org.objectweb.asm.Label                                                         : loaded 2 times (x 69B)
Class org.objectweb.asm.CurrentFrame                                                  : loaded 2 times (x 69B)
Class org.objectweb.asm.ClassTooLargeException                                        : loaded 2 times (x 79B)
Class com.google.common.collect.PeekingIterator                                       : loaded 2 times (x 66B)
Class com.google.common.base.CharMatcher                                              : loaded 2 times (x 107B)
Class com.google.common.collect.RangeGwtSerializationDependencies                     : loaded 2 times (x 67B)
Class com.google.common.base.Joiner$2                                                 : loaded 2 times (x 75B)
Class org.objectweb.asm.Frame                                                         : loaded 2 times (x 69B)
Class org.objectweb.asm.MethodVisitor                                                 : loaded 2 times (x 101B)
Class com.google.common.cache.LocalCache$EntryFactory$1                               : loaded 2 times (x 79B)
Class [Lcom.google.common.cache.RemovalListener;                                      : loaded 2 times (x 65B)
Class com.google.common.base.CharMatcher$1                                            : loaded 2 times (x 109B)
Class com.google.common.base.CharMatcher$NamedFastMatcher                             : loaded 2 times (x 108B)
Class com.google.common.collect.RangeSet                                              : loaded 2 times (x 66B)
Class com.google.common.cache.LocalCache$EntryFactory$2                               : loaded 2 times (x 79B)
Class org.gradle.api.internal.classpath.GlobalCacheRootsProvider                      : loaded 2 times (x 66B)
Class com.google.common.collect.CollectCollectors                                     : loaded 2 times (x 67B)
Class org.objectweb.asm.ModuleWriter                                                  : loaded 2 times (x 78B)
Class com.google.common.cache.LocalCache$EntryFactory$3                               : loaded 2 times (x 79B)
Class com.google.common.base.Ticker$1                                                 : loaded 2 times (x 68B)
Class com.google.common.collect.ImmutableMapEntrySet$RegularEntrySet                  : loaded 2 times (x 147B)
Class com.google.common.collect.Maps$BiMapConverter                                   : loaded 2 times (x 86B)
Class com.google.common.cache.LocalCache$EntryFactory$4                               : loaded 2 times (x 79B)
Class com.google.common.collect.ImmutableSet$Builder                                  : loaded 2 times (x 81B)
Class com.google.common.base.CharMatcher$InRange                                      : loaded 2 times (x 107B)
Class com.google.common.io.ByteStreams$1                                              : loaded 2 times (x 81B)
Class com.google.common.cache.LocalCache$EntryFactory$5                               : loaded 2 times (x 79B)
Class com.google.common.base.PairwiseEquivalence                                      : loaded 2 times (x 79B)
Class com.google.common.cache.LocalCache$EntryFactory$6                               : loaded 2 times (x 79B)
Class org.gradle.internal.installation.CurrentGradleInstallationLocator               : loaded 2 times (x 67B)
Class com.google.common.collect.Maps$KeySet                                           : loaded 2 times (x 133B)
Class com.google.common.cache.LocalCache$EntryFactory$7                               : loaded 2 times (x 79B)
Class com.google.common.collect.ImmutableSet$EmptySetBuilderImpl                      : loaded 2 times (x 72B)
Class com.google.common.collect.ImmutableList                                         : loaded 2 times (x 202B)
Class org.gradle.internal.service.DefaultServiceLocator                               : loaded 2 times (x 79B)
Class com.google.common.cache.LocalCache$EntryFactory$8                               : loaded 2 times (x 79B)
Class com.google.common.collect.ImmutableSet$SetBuilderImpl                           : loaded 2 times (x 72B)
Class org.gradle.internal.installation.CurrentGradleInstallation                      : loaded 2 times (x 69B)
Class com.google.common.cache.CacheLoader$1                                           : loaded 2 times (x 71B)
Class com.google.common.collect.ForwardingObject                                      : loaded 2 times (x 68B)
Class com.google.common.collect.ImmutableList$SubList                                 : loaded 2 times (x 204B)
Class org.gradle.util.internal.GUtil                                                  : loaded 2 times (x 67B)
Class com.google.common.util.concurrent.AbstractFuture$SetFuture                      : loaded 2 times (x 71B)
Class com.google.common.cache.AbstractCache$StatsCounter                              : loaded 2 times (x 66B)
Class com.google.common.collect.Iterators$MergingIterator                             : loaded 2 times (x 77B)
Class com.google.common.collect.RegularImmutableSet                                   : loaded 2 times (x 144B)
Class org.gradle.internal.installation.GradleInstallation                             : loaded 2 times (x 71B)
Class com.google.common.collect.Iterables                                             : loaded 2 times (x 67B)
Class com.google.common.base.Splitter$Strategy                                        : loaded 2 times (x 66B)

---------------  S Y S T E M  ---------------

OS:
 Windows 11 , 64 bit Build 26100 (10.0.26100.7920)
OS uptime: 0 days 2:35 hours

CPU: total 12 (initial active 12) (12 cores per cpu, 2 threads per core) family 23 model 8 stepping 2 microcode 0x800820d, cx8, cmov, fxsr, ht, mmx, 3dnowpref, sse, sse2, sse3, ssse3, sse4a, sse4.1, sse4.2, popcnt, lzcnt, tsc, tscinvbit, avx, avx2, aes, clmul, bmi1, bmi2, adx, sha, fma, vzeroupper, clflush, clflushopt, rdtscp, f16c
Processor Information for all 12 processors :
  Max Mhz: 3400, Current Mhz: 3400, Mhz Limit: 3400

Memory: 4k page, system-wide physical 16312M (3476M free)
TotalPageFile size 31146M (AvailPageFile size 48M)
current process WorkingSet (physical memory assigned to process): 587M, peak: 587M
current process commit charge ("private bytes"): 667M, peak: 765M

vm_info: OpenJDK 64-Bit Server VM (21.0.5+-13047016-b750.29) for windows-amd64 JRE (21.0.5+-13047016-b750.29), built on 2025-02-11T21:12:39Z by "builder" with MS VC++ 16.10 / 16.11 (VS2019)

END.
